"id","album_id","duration_ms","tempo","time_signature","key","mode","acousticness","danceability","energy","instrumentalness","liveness","loudness","speechiness","valence","api_analysis_url","api_track_href"
"24lVIYwtLw9AU3ySz7UVjZ","2bZlVti3G35TXHANYliIUF","89987","138.028","4","7","1","0.00154","0.515","0.275","0.048","0.0556","-11.219","0.0282","0.153","https://api.spotify.com/v1/audio-analysis/24lVIYwtLw9AU3ySz7UVjZ","https://api.spotify.com/v1/tracks/24lVIYwtLw9AU3ySz7UVjZ"
"0VSsFfhdnjwcWczajf4Nuv","2bZlVti3G35TXHANYliIUF","149293","84.189","4","5","0","0.898","0.213","0.273","0.981","0.0918","-13.878","0.0311","0.0785","https://api.spotify.com/v1/audio-analysis/0VSsFfhdnjwcWczajf4Nuv","https://api.spotify.com/v1/tracks/0VSsFfhdnjwcWczajf4Nuv"
"3AB3Qc4VGcu5kyNtP3pjXp","2bZlVti3G35TXHANYliIUF","103227","83.197","1","8","1","0.888","0.296","0.147","0.88","0.0957","-13.098","0.0336","0.061","https://api.spotify.com/v1/audio-analysis/3AB3Qc4VGcu5kyNtP3pjXp","https://api.spotify.com/v1/tracks/3AB3Qc4VGcu5kyNtP3pjXp"
"2l6HxFgboWl8wKA4B7huF1","2bZlVti3G35TXHANYliIUF","82613","107.246","4","6","1","0.797","0.332","0.274","0.924","0.157","-13.443","0.0293","0.0393","https://api.spotify.com/v1/audio-analysis/2l6HxFgboWl8wKA4B7huF1","https://api.spotify.com/v1/tracks/2l6HxFgboWl8wKA4B7huF1"
"66Pa5pYqxbEMZh1iJjNgIN","2bZlVti3G35TXHANYliIUF","103387","169.854","3","2","0","0.293","0.36","0.373","0.813","0.134","-13.792","0.0271","0.436","https://api.spotify.com/v1/audio-analysis/66Pa5pYqxbEMZh1iJjNgIN","https://api.spotify.com/v1/tracks/66Pa5pYqxbEMZh1iJjNgIN"
"2kSglH5D412cwx72Na64aG","2bZlVti3G35TXHANYliIUF","118680","74.452","3","0","0","0.956","0.367","0.0962","0.728","0.103","-16.63","0.0357","0.135","https://api.spotify.com/v1/audio-analysis/2kSglH5D412cwx72Na64aG","https://api.spotify.com/v1/tracks/2kSglH5D412cwx72Na64aG"
"5zQRTA4IJSGR30u7bCf1ov","2bZlVti3G35TXHANYliIUF","82680","146.918","4","7","0","0.0063","0.417","0.449","0.748","0.0655","-10.436","0.0312","0.425","https://api.spotify.com/v1/audio-analysis/5zQRTA4IJSGR30u7bCf1ov","https://api.spotify.com/v1/tracks/5zQRTA4IJSGR30u7bCf1ov"
"1Lt8fZn9RkvftJ59wgQ8R6","2bZlVti3G35TXHANYliIUF","82293","74.491","3","5","1","0.796","0.205","0.142","0.911","0.186","-13.04","0.0434","0.0351","https://api.spotify.com/v1/audio-analysis/1Lt8fZn9RkvftJ59wgQ8R6","https://api.spotify.com/v1/tracks/1Lt8fZn9RkvftJ59wgQ8R6"
"1aFsu6ZjVs89gL1qf7ZjCR","2bZlVti3G35TXHANYliIUF","96373","179.635","4","0","0","0.203","0.24","0.506","0.425","0.575","-9.892","0.0419","0.811","https://api.spotify.com/v1/audio-analysis/1aFsu6ZjVs89gL1qf7ZjCR","https://api.spotify.com/v1/tracks/1aFsu6ZjVs89gL1qf7ZjCR"
"5lsdLOznuiMWwdFwu1eiQM","2bZlVti3G35TXHANYliIUF","95080","82.938","5","3","0","0.927","0.124","0.328","0.913","0.111","-13.038","0.044","0.0694","https://api.spotify.com/v1/audio-analysis/5lsdLOznuiMWwdFwu1eiQM","https://api.spotify.com/v1/tracks/5lsdLOznuiMWwdFwu1eiQM"
"4KX7N3aptt2MZqWQHoB3wU","2bZlVti3G35TXHANYliIUF","88453","62.391","3","7","1","0.84","0.247","0.121","0.923","0.154","-14.548","0.0357","0.0397","https://api.spotify.com/v1/audio-analysis/4KX7N3aptt2MZqWQHoB3wU","https://api.spotify.com/v1/tracks/4KX7N3aptt2MZqWQHoB3wU"
"1ClK14ljQsGsZ6djonDKNu","2bZlVti3G35TXHANYliIUF","127707","104.962","4","2","0","0.484","0.509","0.304","0.166","0.106","-15.058","0.032","0.402","https://api.spotify.com/v1/audio-analysis/1ClK14ljQsGsZ6djonDKNu","https://api.spotify.com/v1/tracks/1ClK14ljQsGsZ6djonDKNu"
"2KidkwciO86V7DNoPr0dXb","2bZlVti3G35TXHANYliIUF","101920","72.987","4","8","1","0.889","0.073","0.3","0.865","0.32","-10.703","0.0303","0.0871","https://api.spotify.com/v1/audio-analysis/2KidkwciO86V7DNoPr0dXb","https://api.spotify.com/v1/tracks/2KidkwciO86V7DNoPr0dXb"
"68sWhLmQ9E4Zl5QmAw3tV4","2bZlVti3G35TXHANYliIUF","62400","170.068","3","5","1","0.0495","0.369","0.34","4.5e-06","0.456","-13.674","0.0742","0.306","https://api.spotify.com/v1/audio-analysis/68sWhLmQ9E4Zl5QmAw3tV4","https://api.spotify.com/v1/tracks/68sWhLmQ9E4Zl5QmAw3tV4"
"4l2P65ULGY5lA3Ve0htIfP","2bZlVti3G35TXHANYliIUF","90067","167.108","3","10","1","0.134","0.41","0.522","0.00511","0.397","-11.545","0.0373","0.757","https://api.spotify.com/v1/audio-analysis/4l2P65ULGY5lA3Ve0htIfP","https://api.spotify.com/v1/tracks/4l2P65ULGY5lA3Ve0htIfP"
"71utMOiDy7zlz5w2udRLZ7","2bZlVti3G35TXHANYliIUF","164107","114.955","4","4","1","0.0202","0.506","0.474","0.763","0.336","-7.24","0.0319","0.373","https://api.spotify.com/v1/audio-analysis/71utMOiDy7zlz5w2udRLZ7","https://api.spotify.com/v1/tracks/71utMOiDy7zlz5w2udRLZ7"
"3xoWidGjaVPkfSWvK70OoG","2bZlVti3G35TXHANYliIUF","135613","153.161","4","0","1","0.083","0.228","0.528","0.498","0.112","-7.745","0.0506","0.274","https://api.spotify.com/v1/audio-analysis/3xoWidGjaVPkfSWvK70OoG","https://api.spotify.com/v1/tracks/3xoWidGjaVPkfSWvK70OoG"
"0aG4C9ZxvPB5MppcVzITjt","2bZlVti3G35TXHANYliIUF","36587","133.914","4","4","1","0.0651","0.459","0.639","0.91","0.476","-9.065","0.0348","0.225","https://api.spotify.com/v1/audio-analysis/0aG4C9ZxvPB5MppcVzITjt","https://api.spotify.com/v1/tracks/0aG4C9ZxvPB5MppcVzITjt"
"5cKFBjwl4gmnk168YhgDFU","2bZlVti3G35TXHANYliIUF","119440","99.956","4","7","1","0.328","0.498","0.665","0.746","0.375","-10.559","0.0418","0.618","https://api.spotify.com/v1/audio-analysis/5cKFBjwl4gmnk168YhgDFU","https://api.spotify.com/v1/tracks/5cKFBjwl4gmnk168YhgDFU"
"67lXC1QKKNKTYnOAe45ok0","2bZlVti3G35TXHANYliIUF","100040","174.116","3","9","1","0.149","0.504","0.568","0.000194","0.432","-8.606","0.0902","0.491","https://api.spotify.com/v1/audio-analysis/67lXC1QKKNKTYnOAe45ok0","https://api.spotify.com/v1/tracks/67lXC1QKKNKTYnOAe45ok0"
"27SZvOFUHsWu0ax3FDf6WA","2bZlVti3G35TXHANYliIUF","128280","115.962","5","9","0","0.0111","0.689","0.651","0.835","0.34","-10.586","0.0274","0.466","https://api.spotify.com/v1/audio-analysis/27SZvOFUHsWu0ax3FDf6WA","https://api.spotify.com/v1/tracks/27SZvOFUHsWu0ax3FDf6WA"
"09MQl3tnH7Vp00QD6Rgf88","2bZlVti3G35TXHANYliIUF","67653","144.01","4","6","0","0.0054","0.683","0.644","0.852","0.0855","-13.574","0.0616","0.682","https://api.spotify.com/v1/audio-analysis/09MQl3tnH7Vp00QD6Rgf88","https://api.spotify.com/v1/tracks/09MQl3tnH7Vp00QD6Rgf88"
"56Fln2fLoL5HmUf4HuF70M","2bZlVti3G35TXHANYliIUF","88000","75.9","4","5","0","0.977","0.522","0.152","0.914","0.0982","-14.34","0.0331","0.231","https://api.spotify.com/v1/audio-analysis/56Fln2fLoL5HmUf4HuF70M","https://api.spotify.com/v1/tracks/56Fln2fLoL5HmUf4HuF70M"
"0KIqWMKRK9ELb4j9TfJtJm","2bZlVti3G35TXHANYliIUF","87987","102.545","3","4","1","0.835","0.576","0.366","0.626","0.623","-12.07","0.0325","0.481","https://api.spotify.com/v1/audio-analysis/0KIqWMKRK9ELb4j9TfJtJm","https://api.spotify.com/v1/tracks/0KIqWMKRK9ELb4j9TfJtJm"
"6g6Fm8DQXicME8GOuUqd0V","2bZlVti3G35TXHANYliIUF","77627","86.272","5","7","1","0.983","0.165","0.168","0.907","0.09","-14.598","0.034","0.188","https://api.spotify.com/v1/audio-analysis/6g6Fm8DQXicME8GOuUqd0V","https://api.spotify.com/v1/tracks/6g6Fm8DQXicME8GOuUqd0V"
"7nMksAZLPNBJ0z1FN44O4o","2bZlVti3G35TXHANYliIUF","116987","84.025","4","2","0","0.722","0.638","0.0456","0.433","0.134","-16.236","0.0307","0.108","https://api.spotify.com/v1/audio-analysis/7nMksAZLPNBJ0z1FN44O4o","https://api.spotify.com/v1/tracks/7nMksAZLPNBJ0z1FN44O4o"
"5OF8nKo4OUcZ3240IGZ1i2","2bZlVti3G35TXHANYliIUF","76893","122.146","1","10","0","0.776","0.175","0.115","0.421","0.0981","-17.134","0.0418","0.115","https://api.spotify.com/v1/audio-analysis/5OF8nKo4OUcZ3240IGZ1i2","https://api.spotify.com/v1/tracks/5OF8nKo4OUcZ3240IGZ1i2"
"4bnjkOdYZScjhw3iRzIEXG","2bZlVti3G35TXHANYliIUF","106373","136.882","4","4","0","0.978","0.188","0.114","0.963","0.077","-27.539","0.0374","0.12","https://api.spotify.com/v1/audio-analysis/4bnjkOdYZScjhw3iRzIEXG","https://api.spotify.com/v1/tracks/4bnjkOdYZScjhw3iRzIEXG"
"1090wbEFrSqSaEBYj70IR6","2bZlVti3G35TXHANYliIUF","81427","63.989","4","5","0","0.681","0.472","0.206","0.000951","0.101","-18.678","0.0415","0.171","https://api.spotify.com/v1/audio-analysis/1090wbEFrSqSaEBYj70IR6","https://api.spotify.com/v1/tracks/1090wbEFrSqSaEBYj70IR6"
"2V0qfcvrt7NBefk0VIUomK","2bZlVti3G35TXHANYliIUF","67320","150.731","4","9","1","0.628","0.507","0.3","0.0111","0.268","-11.858","0.0464","0.58","https://api.spotify.com/v1/audio-analysis/2V0qfcvrt7NBefk0VIUomK","https://api.spotify.com/v1/tracks/2V0qfcvrt7NBefk0VIUomK"
"5eJYHhQTuhDUFmLfNICbPP","2bZlVti3G35TXHANYliIUF","116360","123.01","4","9","0","0.000479","0.579","0.777","0.157","0.28","-10.936","0.0379","0.467","https://api.spotify.com/v1/audio-analysis/5eJYHhQTuhDUFmLfNICbPP","https://api.spotify.com/v1/tracks/5eJYHhQTuhDUFmLfNICbPP"
"5OwINz4CBuFg8QQmOrQetj","2bZlVti3G35TXHANYliIUF","88760","85.054","4","0","0","0.768","0.5","0.105","0.78","0.0957","-20.155","0.035","0.0822","https://api.spotify.com/v1/audio-analysis/5OwINz4CBuFg8QQmOrQetj","https://api.spotify.com/v1/tracks/5OwINz4CBuFg8QQmOrQetj"
"4tfFbuMEEFrTQ7jpMjjaH4","2bZlVti3G35TXHANYliIUF","151960","76.013","3","9","0","0.952","0.349","0.0622","0.866","0.123","-17.952","0.049","0.14","https://api.spotify.com/v1/audio-analysis/4tfFbuMEEFrTQ7jpMjjaH4","https://api.spotify.com/v1/tracks/4tfFbuMEEFrTQ7jpMjjaH4"
"0OTQwvisWtRP4b71jnO7p1","2bZlVti3G35TXHANYliIUF","117533","125.497","3","2","1","0.919","0.232","0.0178","0.932","0.094","-19.953","0.0561","0.0955","https://api.spotify.com/v1/audio-analysis/0OTQwvisWtRP4b71jnO7p1","https://api.spotify.com/v1/tracks/0OTQwvisWtRP4b71jnO7p1"
"48vZVs4BfPRAbD0moavaKk","2bZlVti3G35TXHANYliIUF","110253","79.83","1","9","0","0.99","0.394","0.0227","0.942","0.0724","-22.697","0.047","0.113","https://api.spotify.com/v1/audio-analysis/48vZVs4BfPRAbD0moavaKk","https://api.spotify.com/v1/tracks/48vZVs4BfPRAbD0moavaKk"
"3FnFxZsZWZN2e4vByWiOmJ","2bZlVti3G35TXHANYliIUF","180133","72.123","4","9","1","0.909","0.0858","0.0973","0.975","0.0928","-19.48","0.042","0.0371","https://api.spotify.com/v1/audio-analysis/3FnFxZsZWZN2e4vByWiOmJ","https://api.spotify.com/v1/tracks/3FnFxZsZWZN2e4vByWiOmJ"
"5n8xTh8sAr02FDRfLYMtB1","2bZlVti3G35TXHANYliIUF","104107","73.979","4","7","1","0.727","0.6","0.302","0.78","0.101","-15.127","0.0298","0.248","https://api.spotify.com/v1/audio-analysis/5n8xTh8sAr02FDRfLYMtB1","https://api.spotify.com/v1/tracks/5n8xTh8sAr02FDRfLYMtB1"
"7ngfRMTQpzji35WpBiMT6K","2bZlVti3G35TXHANYliIUF","116707","112.999","4","0","1","0.728","0.601","0.319","0.635","0.122","-17.19","0.0315","0.194","https://api.spotify.com/v1/audio-analysis/7ngfRMTQpzji35WpBiMT6K","https://api.spotify.com/v1/tracks/7ngfRMTQpzji35WpBiMT6K"
"5UsnLOh1nargzd8jq0VxJb","2bZlVti3G35TXHANYliIUF","86333","110.973","4","6","0","0.539","0.609","0.436","0.643","0.0892","-14.753","0.0429","0.389","https://api.spotify.com/v1/audio-analysis/5UsnLOh1nargzd8jq0VxJb","https://api.spotify.com/v1/tracks/5UsnLOh1nargzd8jq0VxJb"
"23v3Uz1pBagiVtMaLqSvxo","2bZlVti3G35TXHANYliIUF","64240","175.105","3","7","1","0.352","0.65","0.472","0.929","0.376","-13.763","0.0672","0.688","https://api.spotify.com/v1/audio-analysis/23v3Uz1pBagiVtMaLqSvxo","https://api.spotify.com/v1/tracks/23v3Uz1pBagiVtMaLqSvxo"
"6D8Z87WOlt4mW4CtPy0e6R","2bZlVti3G35TXHANYliIUF","103800","94.975","4","10","0","0.247","0.548","0.565","0.114","0.377","-13.247","0.0311","0.927","https://api.spotify.com/v1/audio-analysis/6D8Z87WOlt4mW4CtPy0e6R","https://api.spotify.com/v1/tracks/6D8Z87WOlt4mW4CtPy0e6R"
"0o5TqtdmdtZDjVHDbgRJ8k","2bZlVti3G35TXHANYliIUF","107813","110.972","4","1","1","0.0712","0.514","0.828","0.039","0.52","-9.978","0.0507","0.784","https://api.spotify.com/v1/audio-analysis/0o5TqtdmdtZDjVHDbgRJ8k","https://api.spotify.com/v1/tracks/0o5TqtdmdtZDjVHDbgRJ8k"
"3PIKRRitxajW9o01Himt1z","2bZlVti3G35TXHANYliIUF","56653","135.721","3","7","1","0.91","0.37","0.149","0.885","0.366","-11.315","0.0427","0.835","https://api.spotify.com/v1/audio-analysis/3PIKRRitxajW9o01Himt1z","https://api.spotify.com/v1/tracks/3PIKRRitxajW9o01Himt1z"
"2b42VhI5ylCP9TSzY3BiPL","2bZlVti3G35TXHANYliIUF","102667","159.997","5","9","0","0.0927","0.495","0.855","0.416","0.274","-10.641","0.0497","0.466","https://api.spotify.com/v1/audio-analysis/2b42VhI5ylCP9TSzY3BiPL","https://api.spotify.com/v1/tracks/2b42VhI5ylCP9TSzY3BiPL"
"4rUQPTdc7WeToNg4ZVTC3C","2bZlVti3G35TXHANYliIUF","78040","160.996","4","10","1","0.00046","0.427","0.772","0.79","0.386","-11.938","0.053","0.327","https://api.spotify.com/v1/audio-analysis/4rUQPTdc7WeToNg4ZVTC3C","https://api.spotify.com/v1/tracks/4rUQPTdc7WeToNg4ZVTC3C"
"7G2dc9GiB9eC0dczU8sCHU","2bZlVti3G35TXHANYliIUF","79267","169.957","3","1","1","0.887","0.503","0.455","0.925","0.295","-13.279","0.0589","0.547","https://api.spotify.com/v1/audio-analysis/7G2dc9GiB9eC0dczU8sCHU","https://api.spotify.com/v1/tracks/7G2dc9GiB9eC0dczU8sCHU"
"5Sdt6Rs5iv0I9VqdgsQyAD","2bZlVti3G35TXHANYliIUF","136853","79.236","3","7","0","0.0751","0.284","0.247","0.526","0.128","-10.928","0.0344","0.0627","https://api.spotify.com/v1/audio-analysis/5Sdt6Rs5iv0I9VqdgsQyAD","https://api.spotify.com/v1/tracks/5Sdt6Rs5iv0I9VqdgsQyAD"
"6cNBatC1xL1iweHvNWVL6U","2bZlVti3G35TXHANYliIUF","185347","75.02","3","11","0","0.853","0.308","0.194","0.574","0.0923","-11.743","0.0324","0.228","https://api.spotify.com/v1/audio-analysis/6cNBatC1xL1iweHvNWVL6U","https://api.spotify.com/v1/tracks/6cNBatC1xL1iweHvNWVL6U"
"2HRDbaPuFfYiPGyTCueKbi","2bZlVti3G35TXHANYliIUF","64267","178.064","1","1","1","0.0069","0.661","0.293","0.912","0.0919","-20.681","0.534","0.141","https://api.spotify.com/v1/audio-analysis/2HRDbaPuFfYiPGyTCueKbi","https://api.spotify.com/v1/tracks/2HRDbaPuFfYiPGyTCueKbi"
"6qdfQYi6rAYcF9ULaMrUtP","2bZlVti3G35TXHANYliIUF","81440","110.019","3","4","0","0.701","0.756","0.0539","0.219","0.0667","-17.509","0.0408","0.477","https://api.spotify.com/v1/audio-analysis/6qdfQYi6rAYcF9ULaMrUtP","https://api.spotify.com/v1/tracks/6qdfQYi6rAYcF9ULaMrUtP"
"2tJFzJdqe5jlh9fAmuPbJF","2bZlVti3G35TXHANYliIUF","114813","153.844","3","1","0","0.62","0.32","0.196","2.41e-05","0.386","-13.749","0.0335","0.199","https://api.spotify.com/v1/audio-analysis/2tJFzJdqe5jlh9fAmuPbJF","https://api.spotify.com/v1/tracks/2tJFzJdqe5jlh9fAmuPbJF"
"3CLZQVhfV6sz5sseORhX0i","2bZlVti3G35TXHANYliIUF","84307","161.801","3","2","1","0.143","0.582","0.429","0.949","0.212","-13.54","0.0449","0.753","https://api.spotify.com/v1/audio-analysis/3CLZQVhfV6sz5sseORhX0i","https://api.spotify.com/v1/tracks/3CLZQVhfV6sz5sseORhX0i"
"5SVrPrsjiRDcpmJw95QeS1","2bZlVti3G35TXHANYliIUF","87573","133.814","3","4","1","0.765","0.656","0.406","0.0143","0.209","-10.352","0.0517","0.406","https://api.spotify.com/v1/audio-analysis/5SVrPrsjiRDcpmJw95QeS1","https://api.spotify.com/v1/tracks/5SVrPrsjiRDcpmJw95QeS1"
"2OwePc199CMfiWD2FIaSQn","2bZlVti3G35TXHANYliIUF","79667","149.95","3","7","1","0.403","0.658","0.234","0.874","0.0643","-14.148","0.0328","0.886","https://api.spotify.com/v1/audio-analysis/2OwePc199CMfiWD2FIaSQn","https://api.spotify.com/v1/tracks/2OwePc199CMfiWD2FIaSQn"
"4lIHxQ1eINv8Otpus9cnHp","2bZlVti3G35TXHANYliIUF","12960","0","0","0","1","0.495","0","0.114","1.91e-06","0.0802","-10.947","0","0","https://api.spotify.com/v1/audio-analysis/4lIHxQ1eINv8Otpus9cnHp","https://api.spotify.com/v1/tracks/4lIHxQ1eINv8Otpus9cnHp"
"0aS3vigtGJB8xhZuJayxPj","2bZlVti3G35TXHANYliIUF","178200","147.351","3","2","1","0.964","0.245","0.282","0.903","0.138","-12.776","0.0355","0.0376","https://api.spotify.com/v1/audio-analysis/0aS3vigtGJB8xhZuJayxPj","https://api.spotify.com/v1/tracks/0aS3vigtGJB8xhZuJayxPj"
"2hbMnfDi6O7wwt3v5Lq3FA","2bZlVti3G35TXHANYliIUF","147893","136.132","4","1","1","0.836","0.381","0.18","0.541","0.0625","-10.853","0.032","0.0688","https://api.spotify.com/v1/audio-analysis/2hbMnfDi6O7wwt3v5Lq3FA","https://api.spotify.com/v1/tracks/2hbMnfDi6O7wwt3v5Lq3FA"
"073MG4XAHR2LVx3tyPp3ay","2bZlVti3G35TXHANYliIUF","182173","134.676","1","3","1","0.358","0.222","0.42","0.78","0.369","-10.686","0.0336","0.306","https://api.spotify.com/v1/audio-analysis/073MG4XAHR2LVx3tyPp3ay","https://api.spotify.com/v1/tracks/073MG4XAHR2LVx3tyPp3ay"
"50b5nFRva5Q6JQHHXjlxde","2bZlVti3G35TXHANYliIUF","86013","153.19","3","7","1","0.143","0.405","0.487","0.00153","0.211","-8.083","0.0318","0.378","https://api.spotify.com/v1/audio-analysis/50b5nFRva5Q6JQHHXjlxde","https://api.spotify.com/v1/tracks/50b5nFRva5Q6JQHHXjlxde"
"5dLP6fGzSzmPJ2ipBHpDJC","2bZlVti3G35TXHANYliIUF","37600","92.556","3","10","1","0.0271","0.229","0.43","0.882","0.198","-7.319","0.0339","0.356","https://api.spotify.com/v1/audio-analysis/5dLP6fGzSzmPJ2ipBHpDJC","https://api.spotify.com/v1/tracks/5dLP6fGzSzmPJ2ipBHpDJC"
"0m22eBceDprXMVf29g3Izy","2bZlVti3G35TXHANYliIUF","36267","70.793","3","10","0","0.974","0.221","0.0206","0.6","0.169","-22.239","0.0359","0.0706","https://api.spotify.com/v1/audio-analysis/0m22eBceDprXMVf29g3Izy","https://api.spotify.com/v1/tracks/0m22eBceDprXMVf29g3Izy"
"37tuax9DckzLAUcmuAgeCt","2bZlVti3G35TXHANYliIUF","98320","75.983","4","11","0","0.56","0.569","0.199","0.735","0.19","-13.704","0.053","0.88","https://api.spotify.com/v1/audio-analysis/37tuax9DckzLAUcmuAgeCt","https://api.spotify.com/v1/tracks/37tuax9DckzLAUcmuAgeCt"
"0iVNpaOUzKj4WStLa3aDIL","2bZlVti3G35TXHANYliIUF","75253","77.481","4","4","1","0.171","0.338","0.466","0.306","0.791","-8.545","0.0345","0.411","https://api.spotify.com/v1/audio-analysis/0iVNpaOUzKj4WStLa3aDIL","https://api.spotify.com/v1/tracks/0iVNpaOUzKj4WStLa3aDIL"
"1LSLYL3tJvPmH91FIURaVU","2bZlVti3G35TXHANYliIUF","92680","95.962","3","8","1","0.051","0.724","0.44","0.956","0.16","-12.693","0.0622","0.481","https://api.spotify.com/v1/audio-analysis/1LSLYL3tJvPmH91FIURaVU","https://api.spotify.com/v1/tracks/1LSLYL3tJvPmH91FIURaVU"
"0dRx8KtgGOMfunXat0dXaR","2bZlVti3G35TXHANYliIUF","80787","104.882","4","0","1","0.131","0.591","0.322","0.128","0.186","-14.124","0.0743","0.492","https://api.spotify.com/v1/audio-analysis/0dRx8KtgGOMfunXat0dXaR","https://api.spotify.com/v1/tracks/0dRx8KtgGOMfunXat0dXaR"
"0W6vaXlgsxJBXCZ1F4SbzT","2bZlVti3G35TXHANYliIUF","101467","165.036","3","11","1","0.781","0.527","0.444","0.583","0.076","-15.865","0.0378","0.148","https://api.spotify.com/v1/audio-analysis/0W6vaXlgsxJBXCZ1F4SbzT","https://api.spotify.com/v1/tracks/0W6vaXlgsxJBXCZ1F4SbzT"
"5fBHBkmjDmKjpjeMjam6Lf","2bZlVti3G35TXHANYliIUF","176253","120.171","4","9","0","0.656","0.459","0.25","0.714","0.101","-12.09","0.0321","0.29","https://api.spotify.com/v1/audio-analysis/5fBHBkmjDmKjpjeMjam6Lf","https://api.spotify.com/v1/tracks/5fBHBkmjDmKjpjeMjam6Lf"
"3i6RIB5tMp2ODn9XfSITdh","2bZlVti3G35TXHANYliIUF","145720","112.885","4","2","0","0.661","0.537","0.434","0.158","0.236","-10.818","0.0322","0.666","https://api.spotify.com/v1/audio-analysis/3i6RIB5tMp2ODn9XfSITdh","https://api.spotify.com/v1/tracks/3i6RIB5tMp2ODn9XfSITdh"
"3xjdYPMFnKdA4I97zjg7am","2bZlVti3G35TXHANYliIUF","84933","144.227","4","5","0","0.939","0.148","0.191","0.694","0.0975","-17.522","0.04","0.0323","https://api.spotify.com/v1/audio-analysis/3xjdYPMFnKdA4I97zjg7am","https://api.spotify.com/v1/tracks/3xjdYPMFnKdA4I97zjg7am"
"4JWnpFNamLGn00Satm9Vq3","2bZlVti3G35TXHANYliIUF","76773","108.686","3","8","1","0.67","0.564","0.26","0.888","0.0918","-16.309","0.0407","0.815","https://api.spotify.com/v1/audio-analysis/4JWnpFNamLGn00Satm9Vq3","https://api.spotify.com/v1/tracks/4JWnpFNamLGn00Satm9Vq3"
"01y40ZXsusqIIXtVsrgJgA","2bZlVti3G35TXHANYliIUF","100333","116.012","3","4","0","0.576","0.816","0.228","0.9","0.171","-13.185","0.0516","0.675","https://api.spotify.com/v1/audio-analysis/01y40ZXsusqIIXtVsrgJgA","https://api.spotify.com/v1/tracks/01y40ZXsusqIIXtVsrgJgA"
"1XEdEBvaQAfdTttbOzX20A","2bZlVti3G35TXHANYliIUF","98573","129.198","3","10","0","0.975","0.238","0.193","0.948","0.112","-15.591","0.0396","0.308","https://api.spotify.com/v1/audio-analysis/1XEdEBvaQAfdTttbOzX20A","https://api.spotify.com/v1/tracks/1XEdEBvaQAfdTttbOzX20A"
"6ICZ9XMCU0v3SkRKXI7KiT","2bZlVti3G35TXHANYliIUF","127893","146.38","4","7","1","0.408","0.256","0.5","0.899","0.507","-7.531","0.035","0.117","https://api.spotify.com/v1/audio-analysis/6ICZ9XMCU0v3SkRKXI7KiT","https://api.spotify.com/v1/tracks/6ICZ9XMCU0v3SkRKXI7KiT"
"26Bj4ET5tVLgPA8WoF542y","2bZlVti3G35TXHANYliIUF","103333","94.52","3","2","1","0.00788","0.548","0.829","0.906","0.0813","-12.782","0.0472","0.964","https://api.spotify.com/v1/audio-analysis/26Bj4ET5tVLgPA8WoF542y","https://api.spotify.com/v1/tracks/26Bj4ET5tVLgPA8WoF542y"
"0VNOwOKAY9S8nyVuy6LUhd","2bZlVti3G35TXHANYliIUF","81813","91.055","4","7","1","0.814","0.604","0.401","0.598","0.118","-11.587","0.0477","0.662","https://api.spotify.com/v1/audio-analysis/0VNOwOKAY9S8nyVuy6LUhd","https://api.spotify.com/v1/tracks/0VNOwOKAY9S8nyVuy6LUhd"
"5e8kHpiemfFdttVzVUwM4R","2bZlVti3G35TXHANYliIUF","90107","107.965","4","2","1","0.21","0.778","0.437","0.21","0.102","-12.754","0.0603","0.177","https://api.spotify.com/v1/audio-analysis/5e8kHpiemfFdttVzVUwM4R","https://api.spotify.com/v1/tracks/5e8kHpiemfFdttVzVUwM4R"
"3gG4QnSXisB4Jq4MM2kvFk","2bZlVti3G35TXHANYliIUF","140640","144.82","3","9","0","0.987","0.591","0.212","0.235","0.0555","-11.345","0.03","0.715","https://api.spotify.com/v1/audio-analysis/3gG4QnSXisB4Jq4MM2kvFk","https://api.spotify.com/v1/tracks/3gG4QnSXisB4Jq4MM2kvFk"
"6WI9J2NRh4wJMKcZ2FZbbR","2bZlVti3G35TXHANYliIUF","119173","70.393","3","2","1","0.881","0.266","0.128","0.883","0.107","-15.978","0.0355","0.0497","https://api.spotify.com/v1/audio-analysis/6WI9J2NRh4wJMKcZ2FZbbR","https://api.spotify.com/v1/tracks/6WI9J2NRh4wJMKcZ2FZbbR"
"4p5p5DLuyJErNusRnFyiyx","2bZlVti3G35TXHANYliIUF","87773","82.589","1","7","0","0.965","0.214","0.121","0.92","0.148","-11.03","0.0332","0.036","https://api.spotify.com/v1/audio-analysis/4p5p5DLuyJErNusRnFyiyx","https://api.spotify.com/v1/tracks/4p5p5DLuyJErNusRnFyiyx"
"6yNNp5iqWOSBE7vV8qlHlF","2bZlVti3G35TXHANYliIUF","134960","141.977","3","0","1","0.125","0.807","0.522","0.79","0.135","-15.819","0.0409","0.903","https://api.spotify.com/v1/audio-analysis/6yNNp5iqWOSBE7vV8qlHlF","https://api.spotify.com/v1/tracks/6yNNp5iqWOSBE7vV8qlHlF"
"1hVbrgst0dzDQhIZjWlyqR","2bZlVti3G35TXHANYliIUF","67747","137.017","4","0","1","0.531","0.68","0.593","0.582","0.128","-14.77","0.0562","0.961","https://api.spotify.com/v1/audio-analysis/1hVbrgst0dzDQhIZjWlyqR","https://api.spotify.com/v1/tracks/1hVbrgst0dzDQhIZjWlyqR"
"0JftQ1iNrq25kBmTDBAQ5W","2bZlVti3G35TXHANYliIUF","129320","137.946","4","7","1","0.0141","0.361","0.603","0.358","0.538","-9.308","0.0338","0.486","https://api.spotify.com/v1/audio-analysis/0JftQ1iNrq25kBmTDBAQ5W","https://api.spotify.com/v1/tracks/0JftQ1iNrq25kBmTDBAQ5W"
"4P6PO4dEveOAstQ4evpW4U","2bZlVti3G35TXHANYliIUF","122733","101.964","3","0","1","0.74","0.481","0.333","3.66e-05","0.0792","-14.643","0.031","0.213","https://api.spotify.com/v1/audio-analysis/4P6PO4dEveOAstQ4evpW4U","https://api.spotify.com/v1/tracks/4P6PO4dEveOAstQ4evpW4U"
"1hBddquB73pIr12wSTzN91","2bZlVti3G35TXHANYliIUF","84373","83.544","1","7","1","0.622","0.106","0.282","0.119","0.373","-12.499","0.0383","0.0925","https://api.spotify.com/v1/audio-analysis/1hBddquB73pIr12wSTzN91","https://api.spotify.com/v1/tracks/1hBddquB73pIr12wSTzN91"
"0S2rIQewSa3PBo5AvsR5ot","2bZlVti3G35TXHANYliIUF","5947","0","0","0","1","0","0","0.000974","0","0","-15.306","0","0","https://api.spotify.com/v1/audio-analysis/0S2rIQewSa3PBo5AvsR5ot","https://api.spotify.com/v1/tracks/0S2rIQewSa3PBo5AvsR5ot"
"4cpOVmFVnYKpFjSHwsZhbB","2bZlVti3G35TXHANYliIUF","82427","140.181","4","0","1","0.204","0.442","0.241","0.9","0.124","-11.861","0.0404","0.595","https://api.spotify.com/v1/audio-analysis/4cpOVmFVnYKpFjSHwsZhbB","https://api.spotify.com/v1/tracks/4cpOVmFVnYKpFjSHwsZhbB"
"1CjzWHRLcmZxTkO8jtHxsU","2bZlVti3G35TXHANYliIUF","117187","169.05","1","11","0","0.908","0.103","0.353","0.816","0.125","-10.159","0.0338","0.0575","https://api.spotify.com/v1/audio-analysis/1CjzWHRLcmZxTkO8jtHxsU","https://api.spotify.com/v1/tracks/1CjzWHRLcmZxTkO8jtHxsU"
"4miglw12HWCv4micwfok2t","2bZlVti3G35TXHANYliIUF","78440","85.901","4","7","1","0.000962","0.179","0.511","0.821","0.333","-8.424","0.0321","0.246","https://api.spotify.com/v1/audio-analysis/4miglw12HWCv4micwfok2t","https://api.spotify.com/v1/tracks/4miglw12HWCv4micwfok2t"
"2Dp2ISB9GIbqRVUSBHlYlk","2bZlVti3G35TXHANYliIUF","25827","119.617","3","10","0","0.404","0.414","0.408","0.962","0.122","-9.809","0.0417","0.375","https://api.spotify.com/v1/audio-analysis/2Dp2ISB9GIbqRVUSBHlYlk","https://api.spotify.com/v1/tracks/2Dp2ISB9GIbqRVUSBHlYlk"
"7kvjYs1nQoiXNlxc66rE7m","2bZlVti3G35TXHANYliIUF","116333","91.559","3","7","0","0.318","0.548","0.836","0.845","0.156","-12.748","0.037","0.933","https://api.spotify.com/v1/audio-analysis/7kvjYs1nQoiXNlxc66rE7m","https://api.spotify.com/v1/tracks/7kvjYs1nQoiXNlxc66rE7m"
"1f3CbnQLoZOVyjoX1GohKj","2bZlVti3G35TXHANYliIUF","94587","142.998","4","7","1","0.619","0.453","0.656","0.795","0.905","-11.162","0.0497","0.0703","https://api.spotify.com/v1/audio-analysis/1f3CbnQLoZOVyjoX1GohKj","https://api.spotify.com/v1/tracks/1f3CbnQLoZOVyjoX1GohKj"
"4tF4dPrryOTqkwNYydxTLb","2bZlVti3G35TXHANYliIUF","74347","77.949","3","7","1","0.521","0.737","0.108","0","0.15","-12.88","0.0329","0.85","https://api.spotify.com/v1/audio-analysis/4tF4dPrryOTqkwNYydxTLb","https://api.spotify.com/v1/tracks/4tF4dPrryOTqkwNYydxTLb"
"7mjw6GFTCsw3pFlr2wvhns","2bZlVti3G35TXHANYliIUF","93213","169.929","3","0","1","0.527","0.527","0.476","6.59e-06","0.222","-12.093","0.0499","0.954","https://api.spotify.com/v1/audio-analysis/7mjw6GFTCsw3pFlr2wvhns","https://api.spotify.com/v1/tracks/7mjw6GFTCsw3pFlr2wvhns"
"4SPeSKEtqwTd6r11R0IDop","2bZlVti3G35TXHANYliIUF","98707","84.904","4","5","1","0.0683","0.163","0.39","0.531","0.221","-10.325","0.0317","0.203","https://api.spotify.com/v1/audio-analysis/4SPeSKEtqwTd6r11R0IDop","https://api.spotify.com/v1/tracks/4SPeSKEtqwTd6r11R0IDop"
"1XoNeA5EK1TzisURKWmFnq","2bZlVti3G35TXHANYliIUF","105627","113.423","4","4","1","0.684","0.47","0.427","0.265","0.185","-12.248","0.0386","0.232","https://api.spotify.com/v1/audio-analysis/1XoNeA5EK1TzisURKWmFnq","https://api.spotify.com/v1/tracks/1XoNeA5EK1TzisURKWmFnq"
"5H7OdznQ9UdDzrpoD9HgRf","2bZlVti3G35TXHANYliIUF","111853","80.009","3","0","1","0.139","0.606","0.676","0.249","0.331","-10.127","0.0387","0.614","https://api.spotify.com/v1/audio-analysis/5H7OdznQ9UdDzrpoD9HgRf","https://api.spotify.com/v1/tracks/5H7OdznQ9UdDzrpoD9HgRf"
"08hQfy6hCxzkPhuXBFQLNS","2bZlVti3G35TXHANYliIUF","104053","195.874","5","9","0","0.81","0.0865","0.241","0.94","0.276","-12.516","0.0394","0.0393","https://api.spotify.com/v1/audio-analysis/08hQfy6hCxzkPhuXBFQLNS","https://api.spotify.com/v1/tracks/08hQfy6hCxzkPhuXBFQLNS"
"03hpsXz6p3bXHAe7EZg99m","2bZlVti3G35TXHANYliIUF","118053","159.964","1","8","1","9.78e-05","0.509","0.516","0.937","0.157","-12.493","0.025","0.357","https://api.spotify.com/v1/audio-analysis/03hpsXz6p3bXHAe7EZg99m","https://api.spotify.com/v1/tracks/03hpsXz6p3bXHAe7EZg99m"
"3boHFhxUitvErPrsd941wB","2bZlVti3G35TXHANYliIUF","77547","145.691","4","5","1","0.856","0.354","0.269","0.997","0.22","-12.475","0.0307","0.0439","https://api.spotify.com/v1/audio-analysis/3boHFhxUitvErPrsd941wB","https://api.spotify.com/v1/tracks/3boHFhxUitvErPrsd941wB"
"5ijVyF4F0nyenP9hElU7Go","2bZlVti3G35TXHANYliIUF","146653","203.97","3","9","0","0.111","0.244","0.377","0.0867","0.275","-12.66","0.031","0.294","https://api.spotify.com/v1/audio-analysis/5ijVyF4F0nyenP9hElU7Go","https://api.spotify.com/v1/tracks/5ijVyF4F0nyenP9hElU7Go"
"5XlcBHMjuuTucfFbYonUEQ","2bZlVti3G35TXHANYliIUF","88547","130.948","4","0","1","0.572","0.81","0.59","0.95","0.075","-15.199","0.0795","0.754","https://api.spotify.com/v1/audio-analysis/5XlcBHMjuuTucfFbYonUEQ","https://api.spotify.com/v1/tracks/5XlcBHMjuuTucfFbYonUEQ"
"28zQThG8tCAEn7KiH58Cpq","2bZlVti3G35TXHANYliIUF","66320","119.801","4","0","1","0.124","0.579","0.31","7.2e-05","0.252","-14.576","0.103","0.715","https://api.spotify.com/v1/audio-analysis/28zQThG8tCAEn7KiH58Cpq","https://api.spotify.com/v1/tracks/28zQThG8tCAEn7KiH58Cpq"
"4xFhcvewwG7FDXfBK9ljns","2bZlVti3G35TXHANYliIUF","104227","143.979","4","4","0","0.000335","0.491","0.752","0.823","0.0712","-11.171","0.0485","0.448","https://api.spotify.com/v1/audio-analysis/4xFhcvewwG7FDXfBK9ljns","https://api.spotify.com/v1/tracks/4xFhcvewwG7FDXfBK9ljns"
"3mO2HoQDSReIiRRYE0iH6Q","2bZlVti3G35TXHANYliIUF","117280","75.964","4","0","1","0.511","0.426","0.22","0.744","0.157","-13.163","0.0285","0.167","https://api.spotify.com/v1/audio-analysis/3mO2HoQDSReIiRRYE0iH6Q","https://api.spotify.com/v1/tracks/3mO2HoQDSReIiRRYE0iH6Q"
"3QQnyMMNutqt27it5JXzTZ","2bZlVti3G35TXHANYliIUF","136507","128.992","4","9","0","0.0395","0.585","0.496","0.869","0.268","-11.638","0.0284","0.489","https://api.spotify.com/v1/audio-analysis/3QQnyMMNutqt27it5JXzTZ","https://api.spotify.com/v1/tracks/3QQnyMMNutqt27it5JXzTZ"
"7EFwZuzKAZYMzYgUlJg2qe","2bZlVti3G35TXHANYliIUF","114067","82.023","4","5","1","0.00277","0.409","0.758","0.509","0.305","-12.858","0.0686","0.409","https://api.spotify.com/v1/audio-analysis/7EFwZuzKAZYMzYgUlJg2qe","https://api.spotify.com/v1/tracks/7EFwZuzKAZYMzYgUlJg2qe"
"4emkSZ4n5NhDr4rmwmwtyo","2bZlVti3G35TXHANYliIUF","104787","89.928","4","6","0","0.433","0.144","0.339","0.894","0.116","-10.332","0.0333","0.0544","https://api.spotify.com/v1/audio-analysis/4emkSZ4n5NhDr4rmwmwtyo","https://api.spotify.com/v1/tracks/4emkSZ4n5NhDr4rmwmwtyo"
"4gmJ5K63YKH8RYuVTPY5Z1","2bZlVti3G35TXHANYliIUF","156067","157.102","4","9","0","0.0198","0.353","0.564","0.98","0.202","-13.045","0.0298","0.313","https://api.spotify.com/v1/audio-analysis/4gmJ5K63YKH8RYuVTPY5Z1","https://api.spotify.com/v1/tracks/4gmJ5K63YKH8RYuVTPY5Z1"
"7GfyCrfD4JLTfchHG52aRs","2bZlVti3G35TXHANYliIUF","148373","76.303","4","9","0","0.954","0.254","0.122","0.962","0.0828","-16.851","0.0321","0.0385","https://api.spotify.com/v1/audio-analysis/7GfyCrfD4JLTfchHG52aRs","https://api.spotify.com/v1/tracks/7GfyCrfD4JLTfchHG52aRs"
"4Zm5ZC28nbJP9kqOr0tDg2","2bZlVti3G35TXHANYliIUF","146227","81.058","4","6","1","0.56","0.497","0.29","0.881","0.181","-13.709","0.0341","0.785","https://api.spotify.com/v1/audio-analysis/4Zm5ZC28nbJP9kqOr0tDg2","https://api.spotify.com/v1/tracks/4Zm5ZC28nbJP9kqOr0tDg2"
"2lUgVST65X7H5H97ldAt8a","2bZlVti3G35TXHANYliIUF","112280","169.974","3","7","0","0.0216","0.0883","0.23","0.938","0.192","-11.146","0.0304","0.088","https://api.spotify.com/v1/audio-analysis/2lUgVST65X7H5H97ldAt8a","https://api.spotify.com/v1/tracks/2lUgVST65X7H5H97ldAt8a"
"3GbtffekY2dFslkoKppeb3","2bZlVti3G35TXHANYliIUF","159440","76.028","5","11","0","0.38","0.184","0.336","0.655","0.342","-11.54","0.0346","0.244","https://api.spotify.com/v1/audio-analysis/3GbtffekY2dFslkoKppeb3","https://api.spotify.com/v1/tracks/3GbtffekY2dFslkoKppeb3"
"13kCaL7EHSumyZL5fAbylr","2bZlVti3G35TXHANYliIUF","88720","143.943","3","9","0","0.856","0.527","0.26","0.017","0.0838","-14.764","0.0323","0.382","https://api.spotify.com/v1/audio-analysis/13kCaL7EHSumyZL5fAbylr","https://api.spotify.com/v1/tracks/13kCaL7EHSumyZL5fAbylr"
"1JPy4tk0qa9M6meIN9A4zY","2bZlVti3G35TXHANYliIUF","80813","106.554","3","0","1","0.923","0.189","0.179","0.885","0.347","-12.883","0.0351","0.0661","https://api.spotify.com/v1/audio-analysis/1JPy4tk0qa9M6meIN9A4zY","https://api.spotify.com/v1/tracks/1JPy4tk0qa9M6meIN9A4zY"
"5nZ75vhzbUECRVamoI9Tr9","2bZlVti3G35TXHANYliIUF","147427","67.741","4","7","1","0.291","0.282","0.462","0.00125","0.324","-9.944","0.0342","0.232","https://api.spotify.com/v1/audio-analysis/5nZ75vhzbUECRVamoI9Tr9","https://api.spotify.com/v1/tracks/5nZ75vhzbUECRVamoI9Tr9"
"1DBVCV3WLyVJNUvpqYVTDG","2bZlVti3G35TXHANYliIUF","62467","152.65","3","7","1","0.00628","0.361","0.287","0.494","0.239","-11.884","0.0377","0.152","https://api.spotify.com/v1/audio-analysis/1DBVCV3WLyVJNUvpqYVTDG","https://api.spotify.com/v1/tracks/1DBVCV3WLyVJNUvpqYVTDG"
"5wD9HxlRqdMgVbikT2DSXR","2bZlVti3G35TXHANYliIUF","85960","155.889","4","4","0","0.105","0.538","0.342","0.832","0.0757","-18.576","0.0464","0.741","https://api.spotify.com/v1/audio-analysis/5wD9HxlRqdMgVbikT2DSXR","https://api.spotify.com/v1/tracks/5wD9HxlRqdMgVbikT2DSXR"
"1wtWmY8QGoTfRMY0PsebkZ","2bZlVti3G35TXHANYliIUF","155973","87.611","3","4","0","0.0671","0.413","0.517","0.56","0.0848","-9.451","0.0307","0.14","https://api.spotify.com/v1/audio-analysis/1wtWmY8QGoTfRMY0PsebkZ","https://api.spotify.com/v1/tracks/1wtWmY8QGoTfRMY0PsebkZ"
"4W6Py0wbjdtsuf3bxfPqzh","2bZlVti3G35TXHANYliIUF","211947","102.047","3","9","0","0.191","0.467","0.455","0.508","0.307","-9.162","0.0265","0.324","https://api.spotify.com/v1/audio-analysis/4W6Py0wbjdtsuf3bxfPqzh","https://api.spotify.com/v1/tracks/4W6Py0wbjdtsuf3bxfPqzh"
"3MkUXVvE5rc8xbs1YsAJzi","2bZlVti3G35TXHANYliIUF","119480","110.435","4","3","0","0.107","0.245","0.281","0.192","0.0454","-12.917","0.0355","0.16","https://api.spotify.com/v1/audio-analysis/3MkUXVvE5rc8xbs1YsAJzi","https://api.spotify.com/v1/tracks/3MkUXVvE5rc8xbs1YsAJzi"
"2IU10X4rrBc0mc7qzLos70","2bZlVti3G35TXHANYliIUF","121387","84.742","5","6","0","0.955","0.191","0.106","0.955","0.0868","-17.995","0.0341","0.0514","https://api.spotify.com/v1/audio-analysis/2IU10X4rrBc0mc7qzLos70","https://api.spotify.com/v1/tracks/2IU10X4rrBc0mc7qzLos70"
"1hrKjcEHS40Yc3Ho1vMYgb","2bZlVti3G35TXHANYliIUF","115093","158.247","4","11","0","0.877","0.359","0.227","0.908","0.113","-20.962","0.0316","0.27","https://api.spotify.com/v1/audio-analysis/1hrKjcEHS40Yc3Ho1vMYgb","https://api.spotify.com/v1/tracks/1hrKjcEHS40Yc3Ho1vMYgb"
"11n7MSW56wf6UhNkXrzukJ","2bZlVti3G35TXHANYliIUF","199827","94.999","3","6","0","0.501","0.537","0.54","0.94","0.129","-11.308","0.0289","0.529","https://api.spotify.com/v1/audio-analysis/11n7MSW56wf6UhNkXrzukJ","https://api.spotify.com/v1/tracks/11n7MSW56wf6UhNkXrzukJ"
"2LOFgYXEVFQF7jyLfjnBv5","2bZlVti3G35TXHANYliIUF","191960","182.009","3","11","0","0.987","0.55","0.0913","0.894","0.103","-18.755","0.063","0.188","https://api.spotify.com/v1/audio-analysis/2LOFgYXEVFQF7jyLfjnBv5","https://api.spotify.com/v1/tracks/2LOFgYXEVFQF7jyLfjnBv5"
"7AndstOzRxh2EQPvKP70Vy","2bZlVti3G35TXHANYliIUF","99653","95.01","4","0","1","0.56","0.6","0.451","0.896","0.125","-12.054","0.0245","0.899","https://api.spotify.com/v1/audio-analysis/7AndstOzRxh2EQPvKP70Vy","https://api.spotify.com/v1/tracks/7AndstOzRxh2EQPvKP70Vy"
"2S6r5Aa4UxkyPuZdRcU8NM","2bZlVti3G35TXHANYliIUF","194093","159.952","4","5","1","3.1e-05","0.552","0.858","0.867","0.108","-11.177","0.0803","0.604","https://api.spotify.com/v1/audio-analysis/2S6r5Aa4UxkyPuZdRcU8NM","https://api.spotify.com/v1/tracks/2S6r5Aa4UxkyPuZdRcU8NM"
"226rCyLwmkOQZcuxYtLrWh","2bZlVti3G35TXHANYliIUF","121760","95.043","4","9","0","0.288","0.446","0.459","0.934","0.759","-9.322","0.0276","0.545","https://api.spotify.com/v1/audio-analysis/226rCyLwmkOQZcuxYtLrWh","https://api.spotify.com/v1/tracks/226rCyLwmkOQZcuxYtLrWh"
"6E9qyxftNTUZNR406G0fOF","2bZlVti3G35TXHANYliIUF","288560","135.851","4","10","1","0.862","0.161","0.274","0.939","0.089","-11.929","0.0343","0.0408","https://api.spotify.com/v1/audio-analysis/6E9qyxftNTUZNR406G0fOF","https://api.spotify.com/v1/tracks/6E9qyxftNTUZNR406G0fOF"
"3kgEOUanCx2IBDf08gzqTH","2bZlVti3G35TXHANYliIUF","83733","101.548","4","0","1","0.949","0.662","0.128","0.963","0.104","-14.771","0.0873","0.602","https://api.spotify.com/v1/audio-analysis/3kgEOUanCx2IBDf08gzqTH","https://api.spotify.com/v1/tracks/3kgEOUanCx2IBDf08gzqTH"
"0DOshNohKsLMYgzKCB5U9P","2bZlVti3G35TXHANYliIUF","85280","133.219","4","10","1","0.995","0.389","0.0649","0.92","0.268","-13.672","0.0857","0.611","https://api.spotify.com/v1/audio-analysis/0DOshNohKsLMYgzKCB5U9P","https://api.spotify.com/v1/tracks/0DOshNohKsLMYgzKCB5U9P"
"7agRBZB4wjAUqfBlTHqvvt","2bZlVti3G35TXHANYliIUF","125347","90.019","3","2","1","0.365","0.328","0.424","0.177","0.599","-8.177","0.0283","0.113","https://api.spotify.com/v1/audio-analysis/7agRBZB4wjAUqfBlTHqvvt","https://api.spotify.com/v1/tracks/7agRBZB4wjAUqfBlTHqvvt"
"09k7oMlsJcIxmgI4EkGZ04","2bZlVti3G35TXHANYliIUF","153013","151.638","4","9","0","0.371","0.246","0.74","0.43","0.174","-10.457","0.0514","0.514","https://api.spotify.com/v1/audio-analysis/09k7oMlsJcIxmgI4EkGZ04","https://api.spotify.com/v1/tracks/09k7oMlsJcIxmgI4EkGZ04"
"6gajlVwJH5YICRn8BMCVnn","2bZlVti3G35TXHANYliIUF","189347","138.008","4","7","1","0.297","0.4","0.397","0.717","0.0485","-11.598","0.0582","0.187","https://api.spotify.com/v1/audio-analysis/6gajlVwJH5YICRn8BMCVnn","https://api.spotify.com/v1/tracks/6gajlVwJH5YICRn8BMCVnn"
"5qduXXMRCf4ud2c9Iy5UF9","2bZlVti3G35TXHANYliIUF","243493","140.046","4","7","1","0.866","0.535","0.153","0.981","0.0963","-17.492","0.0343","0.478","https://api.spotify.com/v1/audio-analysis/5qduXXMRCf4ud2c9Iy5UF9","https://api.spotify.com/v1/tracks/5qduXXMRCf4ud2c9Iy5UF9"
"2MNslQqbpJJ96iuOiKqQgB","2bZlVti3G35TXHANYliIUF","118253","79.987","1","9","0","0.884","0.556","0.255","0.824","0.0905","-17.951","0.0493","0.284","https://api.spotify.com/v1/audio-analysis/2MNslQqbpJJ96iuOiKqQgB","https://api.spotify.com/v1/tracks/2MNslQqbpJJ96iuOiKqQgB"
"7Dd04YD1xm3XDdFWJy0Owr","2bZlVti3G35TXHANYliIUF","114867","78.825","4","7","1","0.869","0.196","0.289","0.963","0.0696","-14.514","0.0349","0.0367","https://api.spotify.com/v1/audio-analysis/7Dd04YD1xm3XDdFWJy0Owr","https://api.spotify.com/v1/tracks/7Dd04YD1xm3XDdFWJy0Owr"
"0MS2nmmGm0FKfLaDHGwYwI","2bZlVti3G35TXHANYliIUF","105640","60.08","4","2","0","0.0381","0.226","0.193","0.298","0.183","-12.249","0.0368","0.0383","https://api.spotify.com/v1/audio-analysis/0MS2nmmGm0FKfLaDHGwYwI","https://api.spotify.com/v1/tracks/0MS2nmmGm0FKfLaDHGwYwI"
"1UXYxYQqXvG6s8bWaHs1oj","2bZlVti3G35TXHANYliIUF","140680","101.758","3","4","0","0.642","0.165","0.205","0.94","0.104","-17.213","0.0342","0.0338","https://api.spotify.com/v1/audio-analysis/1UXYxYQqXvG6s8bWaHs1oj","https://api.spotify.com/v1/tracks/1UXYxYQqXvG6s8bWaHs1oj"
"3xIpTD3F5H1l4eW66GNM4Q","2bZlVti3G35TXHANYliIUF","238533","96.963","3","2","1","0.00992","0.335","0.502","0.696","0.156","-10.914","0.0299","0.179","https://api.spotify.com/v1/audio-analysis/3xIpTD3F5H1l4eW66GNM4Q","https://api.spotify.com/v1/tracks/3xIpTD3F5H1l4eW66GNM4Q"
"7CM5y44hLPNpWk4IociBZT","2bZlVti3G35TXHANYliIUF","164253","85.036","4","9","0","0.956","0.118","0.166","0.922","0.102","-17.351","0.0379","0.0398","https://api.spotify.com/v1/audio-analysis/7CM5y44hLPNpWk4IociBZT","https://api.spotify.com/v1/tracks/7CM5y44hLPNpWk4IociBZT"
"5jeTf745O0mZJZkyjbAQrW","2bZlVti3G35TXHANYliIUF","283307","88.56","3","0","1","0.925","0.138","0.205","0.797","0.353","-12.55","0.0326","0.0602","https://api.spotify.com/v1/audio-analysis/5jeTf745O0mZJZkyjbAQrW","https://api.spotify.com/v1/tracks/5jeTf745O0mZJZkyjbAQrW"
"4A4JbwdQ21CXcSW53FOEkb","2bZlVti3G35TXHANYliIUF","36027","71.636","1","0","1","0.927","0.209","0.502","0.634","0.132","-8.746","0.0352","0.115","https://api.spotify.com/v1/audio-analysis/4A4JbwdQ21CXcSW53FOEkb","https://api.spotify.com/v1/tracks/4A4JbwdQ21CXcSW53FOEkb"
"4vbt0dO8aDmlIkSeKfmjuh","2bZlVti3G35TXHANYliIUF","184467","155.537","4","7","1","0.382","0.141","0.366","0.155","0.278","-10.07","0.0298","0.0361","https://api.spotify.com/v1/audio-analysis/4vbt0dO8aDmlIkSeKfmjuh","https://api.spotify.com/v1/tracks/4vbt0dO8aDmlIkSeKfmjuh"
"1xU5IE3PaHiX9hYY6XpMrl","2bZlVti3G35TXHANYliIUF","233520","80.224","4","2","1","0.104","0.239","0.38","0.849","0.0953","-10.221","0.029","0.19","https://api.spotify.com/v1/audio-analysis/1xU5IE3PaHiX9hYY6XpMrl","https://api.spotify.com/v1/tracks/1xU5IE3PaHiX9hYY6XpMrl"
"3gmRsq0Pr4plEOPUMy3oIM","2bZlVti3G35TXHANYliIUF","345680","91.523","3","5","1","0.197","0.216","0.496","0.881","0.0897","-8.654","0.0304","0.145","https://api.spotify.com/v1/audio-analysis/3gmRsq0Pr4plEOPUMy3oIM","https://api.spotify.com/v1/tracks/3gmRsq0Pr4plEOPUMy3oIM"
"1fyMDnkWpa10dGGOOf2fp4","2bZlVti3G35TXHANYliIUF","228760","75.371","4","2","1","0.984","0.473","0.144","0.928","0.138","-15.874","0.12","0.296","https://api.spotify.com/v1/audio-analysis/1fyMDnkWpa10dGGOOf2fp4","https://api.spotify.com/v1/tracks/1fyMDnkWpa10dGGOOf2fp4"
"06qcTk6gnUxCjZ547xWRw2","2bZlVti3G35TXHANYliIUF","337120","149.713","3","2","1","0.556","0.214","0.284","0.629","0.138","-11.696","0.03","0.107","https://api.spotify.com/v1/audio-analysis/06qcTk6gnUxCjZ547xWRw2","https://api.spotify.com/v1/tracks/06qcTk6gnUxCjZ547xWRw2"
