"id","album_id","isrc","name","popularity","duration_ms","disc_number","track_number","spotify_external_url","preview_url","api_href"
"24lVIYwtLw9AU3ySz7UVjZ","2bZlVti3G35TXHANYliIUF","JPM200500252","旅立ち ~始まりのテーマ~","0","89986","1","1","https://open.spotify.com/track/24lVIYwtLw9AU3ySz7UVjZ","https://p.scdn.co/mp3-preview/e9258840c41f7a5a568baf80b14d6e1ed34edfa7?cid=2cd620d784d247ac9def2fbe55de1ad1","https://api.spotify.com/v1/tracks/24lVIYwtLw9AU3ySz7UVjZ"
"0VSsFfhdnjwcWczajf4Nuv","2bZlVti3G35TXHANYliIUF","JPM200500253","帰還","0","149293","1","2","https://open.spotify.com/track/0VSsFfhdnjwcWczajf4Nuv","https://p.scdn.co/mp3-preview/bf86f3ed3400ab049105826d32463c4c11ec12f1?cid=2cd620d784d247ac9def2fbe55de1ad1","https://api.spotify.com/v1/tracks/0VSsFfhdnjwcWczajf4Nuv"
"3AB3Qc4VGcu5kyNtP3pjXp","2bZlVti3G35TXHANYliIUF","JPM200500254","束の間の平穏","0","103226","1","3","https://open.spotify.com/track/3AB3Qc4VGcu5kyNtP3pjXp","https://p.scdn.co/mp3-preview/848adbaa66894d70c992be56888fb656329f60d3?cid=2cd620d784d247ac9def2fbe55de1ad1","https://api.spotify.com/v1/tracks/3AB3Qc4VGcu5kyNtP3pjXp"
"2l6HxFgboWl8wKA4B7huF1","2bZlVti3G35TXHANYliIUF","JPM200500255","ファレナの女王","0","82613","1","4","https://open.spotify.com/track/2l6HxFgboWl8wKA4B7huF1","https://p.scdn.co/mp3-preview/22d2c804d78c93adfad7a0fb16ba03344ff48743?cid=2cd620d784d247ac9def2fbe55de1ad1","https://api.spotify.com/v1/tracks/2l6HxFgboWl8wKA4B7huF1"
"66Pa5pYqxbEMZh1iJjNgIN","2bZlVti3G35TXHANYliIUF","JPM200500256","乾いた土と疲れた民","0","103386","1","5","https://open.spotify.com/track/66Pa5pYqxbEMZh1iJjNgIN","https://p.scdn.co/mp3-preview/b0e852643ff52c0e7ca150fd58e39868c41c6a27?cid=2cd620d784d247ac9def2fbe55de1ad1","https://api.spotify.com/v1/tracks/66Pa5pYqxbEMZh1iJjNgIN"
"2kSglH5D412cwx72Na64aG","2bZlVti3G35TXHANYliIUF","JPM200500257","回顧","1","118680","1","6","https://open.spotify.com/track/2kSglH5D412cwx72Na64aG","https://p.scdn.co/mp3-preview/114f46fa6f30902b8f825a1319533ed656ed27dd?cid=2cd620d784d247ac9def2fbe55de1ad1","https://api.spotify.com/v1/tracks/2kSglH5D412cwx72Na64aG"
"5zQRTA4IJSGR30u7bCf1ov","2bZlVti3G35TXHANYliIUF","JPM200500258","因縁の対決","0","82680","1","7","https://open.spotify.com/track/5zQRTA4IJSGR30u7bCf1ov","https://p.scdn.co/mp3-preview/2837cb7732e9bb1ec911419502f52bd9d397acf5?cid=2cd620d784d247ac9def2fbe55de1ad1","https://api.spotify.com/v1/tracks/5zQRTA4IJSGR30u7bCf1ov"
"1Lt8fZn9RkvftJ59wgQ8R6","2bZlVti3G35TXHANYliIUF","JPM200500259","奪われし心","0","82293","1","8","https://open.spotify.com/track/1Lt8fZn9RkvftJ59wgQ8R6","https://p.scdn.co/mp3-preview/bf14df4c3685da47d85d8b97b464e7ded14c0429?cid=2cd620d784d247ac9def2fbe55de1ad1","https://api.spotify.com/v1/tracks/1Lt8fZn9RkvftJ59wgQ8R6"
"1aFsu6ZjVs89gL1qf7ZjCR","2bZlVti3G35TXHANYliIUF","JPM200500260","太陽の如き威光","1","96373","1","9","https://open.spotify.com/track/1aFsu6ZjVs89gL1qf7ZjCR","https://p.scdn.co/mp3-preview/58fa8a1e55cb515b1447fb9f656a81c035da47e1?cid=2cd620d784d247ac9def2fbe55de1ad1","https://api.spotify.com/v1/tracks/1aFsu6ZjVs89gL1qf7ZjCR"
"5lsdLOznuiMWwdFwu1eiQM","2bZlVti3G35TXHANYliIUF","JPM200500261","封印","0","95080","1","10","https://open.spotify.com/track/5lsdLOznuiMWwdFwu1eiQM","https://p.scdn.co/mp3-preview/e42378d11dc82ce0a7fc8d6bc728c47adc4bd21b?cid=2cd620d784d247ac9def2fbe55de1ad1","https://api.spotify.com/v1/tracks/5lsdLOznuiMWwdFwu1eiQM"
"4KX7N3aptt2MZqWQHoB3wU","2bZlVti3G35TXHANYliIUF","JPM200500262","牢獄","0","88453","1","11","https://open.spotify.com/track/4KX7N3aptt2MZqWQHoB3wU","https://p.scdn.co/mp3-preview/926beda3e357e166141901e75ba208e466dd2d39?cid=2cd620d784d247ac9def2fbe55de1ad1","https://api.spotify.com/v1/tracks/4KX7N3aptt2MZqWQHoB3wU"
"1ClK14ljQsGsZ6djonDKNu","2bZlVti3G35TXHANYliIUF","JPM200500263","騎士たち","0","127706","1","12","https://open.spotify.com/track/1ClK14ljQsGsZ6djonDKNu","https://p.scdn.co/mp3-preview/48290f6b1f089c035edad6bfc7ee36565c1dedab?cid=2cd620d784d247ac9def2fbe55de1ad1","https://api.spotify.com/v1/tracks/1ClK14ljQsGsZ6djonDKNu"
"2KidkwciO86V7DNoPr0dXb","2bZlVti3G35TXHANYliIUF","JPM200500264","女王騎士","2","101920","1","13","https://open.spotify.com/track/2KidkwciO86V7DNoPr0dXb","https://p.scdn.co/mp3-preview/3c36db516d372fb91498a1032460e850f459035c?cid=2cd620d784d247ac9def2fbe55de1ad1","https://api.spotify.com/v1/tracks/2KidkwciO86V7DNoPr0dXb"
"68sWhLmQ9E4Zl5QmAw3tV4","2bZlVti3G35TXHANYliIUF","JPM200500265","なごみ","0","62400","1","14","https://open.spotify.com/track/68sWhLmQ9E4Zl5QmAw3tV4","https://p.scdn.co/mp3-preview/4d39788cd90df1b4350987227fd0c26714cab8ea?cid=2cd620d784d247ac9def2fbe55de1ad1","https://api.spotify.com/v1/tracks/68sWhLmQ9E4Zl5QmAw3tV4"
"4l2P65ULGY5lA3Ve0htIfP","2bZlVti3G35TXHANYliIUF","JPM200500266","王都","0","90066","1","15","https://open.spotify.com/track/4l2P65ULGY5lA3Ve0htIfP","https://p.scdn.co/mp3-preview/ab1ac9ad10aa4eb652d36b7b138dce3141a8ea6b?cid=2cd620d784d247ac9def2fbe55de1ad1","https://api.spotify.com/v1/tracks/4l2P65ULGY5lA3Ve0htIfP"
"71utMOiDy7zlz5w2udRLZ7","2bZlVti3G35TXHANYliIUF","JPM200500267","遥かなる旅路","1","164106","1","16","https://open.spotify.com/track/71utMOiDy7zlz5w2udRLZ7","https://p.scdn.co/mp3-preview/52900184baccde1aeb2207b33dee884c11496999?cid=2cd620d784d247ac9def2fbe55de1ad1","https://api.spotify.com/v1/tracks/71utMOiDy7zlz5w2udRLZ7"
"3xoWidGjaVPkfSWvK70OoG","2bZlVti3G35TXHANYliIUF","JPM200500268","戦闘開始","2","135613","1","17","https://open.spotify.com/track/3xoWidGjaVPkfSWvK70OoG","https://p.scdn.co/mp3-preview/c4d64848c89d025eecf0e4b53d033846980cc2d5?cid=2cd620d784d247ac9def2fbe55de1ad1","https://api.spotify.com/v1/tracks/3xoWidGjaVPkfSWvK70OoG"
"0aG4C9ZxvPB5MppcVzITjt","2bZlVti3G35TXHANYliIUF","JPM200500269","勝利のテーマ","0","36586","1","18","https://open.spotify.com/track/0aG4C9ZxvPB5MppcVzITjt","https://p.scdn.co/mp3-preview/8718c782738d341d13a12b22be35883d95f5c8c0?cid=2cd620d784d247ac9def2fbe55de1ad1","https://api.spotify.com/v1/tracks/0aG4C9ZxvPB5MppcVzITjt"
"5cKFBjwl4gmnk168YhgDFU","2bZlVti3G35TXHANYliIUF","JPM200500270","ゴドウィン家の城","1","119440","1","19","https://open.spotify.com/track/5cKFBjwl4gmnk168YhgDFU","https://p.scdn.co/mp3-preview/15b1ccbac47ef2556009dc7b15a8b20377b5df70?cid=2cd620d784d247ac9def2fbe55de1ad1","https://api.spotify.com/v1/tracks/5cKFBjwl4gmnk168YhgDFU"
"67lXC1QKKNKTYnOAe45ok0","2bZlVti3G35TXHANYliIUF","JPM200500271","闘神祭開幕","0","100040","1","20","https://open.spotify.com/track/67lXC1QKKNKTYnOAe45ok0","https://p.scdn.co/mp3-preview/eb58d09ffcec9cefe2073ed9f7289c46bb060aea?cid=2cd620d784d247ac9def2fbe55de1ad1","https://api.spotify.com/v1/tracks/67lXC1QKKNKTYnOAe45ok0"
"27SZvOFUHsWu0ax3FDf6WA","2bZlVti3G35TXHANYliIUF","JPM200500272","闘技場","0","128280","1","21","https://open.spotify.com/track/27SZvOFUHsWu0ax3FDf6WA","https://p.scdn.co/mp3-preview/187f2c8e0c2046152c06e545b39232f7999f9249?cid=2cd620d784d247ac9def2fbe55de1ad1","https://api.spotify.com/v1/tracks/27SZvOFUHsWu0ax3FDf6WA"
"09MQl3tnH7Vp00QD6Rgf88","2bZlVti3G35TXHANYliIUF","JPM200500273","対決の時","0","67653","1","22","https://open.spotify.com/track/09MQl3tnH7Vp00QD6Rgf88","https://p.scdn.co/mp3-preview/e1666687522265faec82935f19adb83b00c83d7c?cid=2cd620d784d247ac9def2fbe55de1ad1","https://api.spotify.com/v1/tracks/09MQl3tnH7Vp00QD6Rgf88"
"56Fln2fLoL5HmUf4HuF70M","2bZlVti3G35TXHANYliIUF","JPM200500274","うたたね","0","88000","1","23","https://open.spotify.com/track/56Fln2fLoL5HmUf4HuF70M","https://p.scdn.co/mp3-preview/f94b5ca2db941b2a85895a4bffe002b18a14c681?cid=2cd620d784d247ac9def2fbe55de1ad1","https://api.spotify.com/v1/tracks/56Fln2fLoL5HmUf4HuF70M"
"0KIqWMKRK9ELb4j9TfJtJm","2bZlVti3G35TXHANYliIUF","JPM200500275","宿屋は大繁盛","0","87986","1","24","https://open.spotify.com/track/0KIqWMKRK9ELb4j9TfJtJm","https://p.scdn.co/mp3-preview/67e7d6d789fe894bc590e9d4893884f97a1e41df?cid=2cd620d784d247ac9def2fbe55de1ad1","https://api.spotify.com/v1/tracks/0KIqWMKRK9ELb4j9TfJtJm"
"6g6Fm8DQXicME8GOuUqd0V","2bZlVti3G35TXHANYliIUF","JPM200500276","休息","0","77626","1","25","https://open.spotify.com/track/6g6Fm8DQXicME8GOuUqd0V","https://p.scdn.co/mp3-preview/7cb8ceeec5a96547fe6ac88bd6d2bd2769e987c5?cid=2cd620d784d247ac9def2fbe55de1ad1","https://api.spotify.com/v1/tracks/6g6Fm8DQXicME8GOuUqd0V"
"7nMksAZLPNBJ0z1FN44O4o","2bZlVti3G35TXHANYliIUF","JPM200500277","磐石の意思","0","116986","1","26","https://open.spotify.com/track/7nMksAZLPNBJ0z1FN44O4o","https://p.scdn.co/mp3-preview/f34ac50a32f5986813fb047b2d45c4976c6e9dc4?cid=2cd620d784d247ac9def2fbe55de1ad1","https://api.spotify.com/v1/tracks/7nMksAZLPNBJ0z1FN44O4o"
"5OF8nKo4OUcZ3240IGZ1i2","2bZlVti3G35TXHANYliIUF","JPM200500278","疑惑","0","76893","1","27","https://open.spotify.com/track/5OF8nKo4OUcZ3240IGZ1i2","https://p.scdn.co/mp3-preview/0236dde40a8e4fd957f1f51e0430b106943ab577?cid=2cd620d784d247ac9def2fbe55de1ad1","https://api.spotify.com/v1/tracks/5OF8nKo4OUcZ3240IGZ1i2"
"4bnjkOdYZScjhw3iRzIEXG","2bZlVti3G35TXHANYliIUF","JPM200500279","奴隷居住区","0","106373","1","28","https://open.spotify.com/track/4bnjkOdYZScjhw3iRzIEXG","https://p.scdn.co/mp3-preview/6e8568ce3d7a601571a94782df8f6864673b1416?cid=2cd620d784d247ac9def2fbe55de1ad1","https://api.spotify.com/v1/tracks/4bnjkOdYZScjhw3iRzIEXG"
"1090wbEFrSqSaEBYj70IR6","2bZlVti3G35TXHANYliIUF","JPM200500280","地下通路","0","81426","1","29","https://open.spotify.com/track/1090wbEFrSqSaEBYj70IR6","https://p.scdn.co/mp3-preview/cd6b40d781f32b8422c5990db53555e179fee4f9?cid=2cd620d784d247ac9def2fbe55de1ad1","https://api.spotify.com/v1/tracks/1090wbEFrSqSaEBYj70IR6"
"2V0qfcvrt7NBefk0VIUomK","2bZlVti3G35TXHANYliIUF","JPM200500281","宣戦","0","67320","1","30","https://open.spotify.com/track/2V0qfcvrt7NBefk0VIUomK","https://p.scdn.co/mp3-preview/7ef36d93eb955b96d4440d9ef0da2d795c0572e4?cid=2cd620d784d247ac9def2fbe55de1ad1","https://api.spotify.com/v1/tracks/2V0qfcvrt7NBefk0VIUomK"
"5eJYHhQTuhDUFmLfNICbPP","2bZlVti3G35TXHANYliIUF","JPM200500282","戦いの舞台","0","116360","1","31","https://open.spotify.com/track/5eJYHhQTuhDUFmLfNICbPP","https://p.scdn.co/mp3-preview/4b3de69d16096a50811006fba62528a3848e66eb?cid=2cd620d784d247ac9def2fbe55de1ad1","https://api.spotify.com/v1/tracks/5eJYHhQTuhDUFmLfNICbPP"
"5OwINz4CBuFg8QQmOrQetj","2bZlVti3G35TXHANYliIUF","JPM200500283","不穏","0","88760","1","32","https://open.spotify.com/track/5OwINz4CBuFg8QQmOrQetj","https://p.scdn.co/mp3-preview/80c1940147dd2060b237b6e96c6ceff2725d09e0?cid=2cd620d784d247ac9def2fbe55de1ad1","https://api.spotify.com/v1/tracks/5OwINz4CBuFg8QQmOrQetj"
"4tfFbuMEEFrTQ7jpMjjaH4","2bZlVti3G35TXHANYliIUF","JPM200500284","哀愁","0","151960","1","33","https://open.spotify.com/track/4tfFbuMEEFrTQ7jpMjjaH4","https://p.scdn.co/mp3-preview/913449b0b768a865db5ff28b0ac742ec06f6532b?cid=2cd620d784d247ac9def2fbe55de1ad1","https://api.spotify.com/v1/tracks/4tfFbuMEEFrTQ7jpMjjaH4"
"0OTQwvisWtRP4b71jnO7p1","2bZlVti3G35TXHANYliIUF","JPM200500285","不審","0","117533","1","34","https://open.spotify.com/track/0OTQwvisWtRP4b71jnO7p1","https://p.scdn.co/mp3-preview/407811688f8886e85cc8c63cfd230a367b7ba731?cid=2cd620d784d247ac9def2fbe55de1ad1","https://api.spotify.com/v1/tracks/0OTQwvisWtRP4b71jnO7p1"
"48vZVs4BfPRAbD0moavaKk","2bZlVti3G35TXHANYliIUF","JPM200500286","ふたつの守護紋章","1","110253","1","35","https://open.spotify.com/track/48vZVs4BfPRAbD0moavaKk","https://p.scdn.co/mp3-preview/a83f082d9c1bc7d6f32f0f2aec00bd5ecc5558ad?cid=2cd620d784d247ac9def2fbe55de1ad1","https://api.spotify.com/v1/tracks/48vZVs4BfPRAbD0moavaKk"
"3FnFxZsZWZN2e4vByWiOmJ","2bZlVti3G35TXHANYliIUF","JPM200500287","黒衣の美女","0","180133","1","36","https://open.spotify.com/track/3FnFxZsZWZN2e4vByWiOmJ","https://p.scdn.co/mp3-preview/bb5aefcaff950864a02f765d26aafeac01f22ba5?cid=2cd620d784d247ac9def2fbe55de1ad1","https://api.spotify.com/v1/tracks/3FnFxZsZWZN2e4vByWiOmJ"
"5n8xTh8sAr02FDRfLYMtB1","2bZlVti3G35TXHANYliIUF","JPM200500288","聖なる地","0","104106","1","37","https://open.spotify.com/track/5n8xTh8sAr02FDRfLYMtB1","https://p.scdn.co/mp3-preview/2a4ea82e248a5e2359d1fecbd085bbd9c9f0753d?cid=2cd620d784d247ac9def2fbe55de1ad1","https://api.spotify.com/v1/tracks/5n8xTh8sAr02FDRfLYMtB1"
"7ngfRMTQpzji35WpBiMT6K","2bZlVti3G35TXHANYliIUF","JPM200500289","平和なひと時","0","116706","1","38","https://open.spotify.com/track/7ngfRMTQpzji35WpBiMT6K","https://p.scdn.co/mp3-preview/3ceda766e0a39fe90c977b50b63303289f39e739?cid=2cd620d784d247ac9def2fbe55de1ad1","https://api.spotify.com/v1/tracks/7ngfRMTQpzji35WpBiMT6K"
"5UsnLOh1nargzd8jq0VxJb","2bZlVti3G35TXHANYliIUF","JPM200500290","深き森、迷い森","0","86333","1","39","https://open.spotify.com/track/5UsnLOh1nargzd8jq0VxJb","https://p.scdn.co/mp3-preview/b8187c321c4249b26ceb7ccdcd0d8a9dbb7424d6?cid=2cd620d784d247ac9def2fbe55de1ad1","https://api.spotify.com/v1/tracks/5UsnLOh1nargzd8jq0VxJb"
"23v3Uz1pBagiVtMaLqSvxo","2bZlVti3G35TXHANYliIUF","JPM200500291","たわむれ","0","64239","2","1","https://open.spotify.com/track/23v3Uz1pBagiVtMaLqSvxo","https://p.scdn.co/mp3-preview/3ba236a38120b6674a308c5fde3e15e72b7a5748?cid=2cd620d784d247ac9def2fbe55de1ad1","https://api.spotify.com/v1/tracks/23v3Uz1pBagiVtMaLqSvxo"
"6D8Z87WOlt4mW4CtPy0e6R","2bZlVti3G35TXHANYliIUF","JPM200500292","河に浮かぶ街","0","103800","2","2","https://open.spotify.com/track/6D8Z87WOlt4mW4CtPy0e6R","https://p.scdn.co/mp3-preview/54bb5edd692ebf47940698e4f97cda5a11428c6a?cid=2cd620d784d247ac9def2fbe55de1ad1","https://api.spotify.com/v1/tracks/6D8Z87WOlt4mW4CtPy0e6R"
"0o5TqtdmdtZDjVHDbgRJ8k","2bZlVti3G35TXHANYliIUF","JPM200500293","ダハーカ発進","0","107813","2","3","https://open.spotify.com/track/0o5TqtdmdtZDjVHDbgRJ8k","https://p.scdn.co/mp3-preview/98d3d073b2f2117d8192ff3929acca506af4451a?cid=2cd620d784d247ac9def2fbe55de1ad1","https://api.spotify.com/v1/tracks/0o5TqtdmdtZDjVHDbgRJ8k"
"3PIKRRitxajW9o01Himt1z","2bZlVti3G35TXHANYliIUF","JPM200500294","婚約の儀","0","56653","2","4","https://open.spotify.com/track/3PIKRRitxajW9o01Himt1z","https://p.scdn.co/mp3-preview/8052f292bc7189c884b46e4d99c27e5f669f2c24?cid=2cd620d784d247ac9def2fbe55de1ad1","https://api.spotify.com/v1/tracks/3PIKRRitxajW9o01Himt1z"
"2b42VhI5ylCP9TSzY3BiPL","2bZlVti3G35TXHANYliIUF","JPM200500295","緊迫","0","102666","2","5","https://open.spotify.com/track/2b42VhI5ylCP9TSzY3BiPL","https://p.scdn.co/mp3-preview/19edda674ea817c772448a85884d7b4d83b5c8e4?cid=2cd620d784d247ac9def2fbe55de1ad1","https://api.spotify.com/v1/tracks/2b42VhI5ylCP9TSzY3BiPL"
"4rUQPTdc7WeToNg4ZVTC3C","2bZlVti3G35TXHANYliIUF","JPM200500296","強大な敵","0","78040","2","6","https://open.spotify.com/track/4rUQPTdc7WeToNg4ZVTC3C","https://p.scdn.co/mp3-preview/cbcb8a31dbd1114231dc418adbca2816f284e950?cid=2cd620d784d247ac9def2fbe55de1ad1","https://api.spotify.com/v1/tracks/4rUQPTdc7WeToNg4ZVTC3C"
"7G2dc9GiB9eC0dczU8sCHU","2bZlVti3G35TXHANYliIUF","JPM200500297","襲撃","0","79266","2","7","https://open.spotify.com/track/7G2dc9GiB9eC0dczU8sCHU","https://p.scdn.co/mp3-preview/31070837feb098b20a4668b652ecf1b8ee555056?cid=2cd620d784d247ac9def2fbe55de1ad1","https://api.spotify.com/v1/tracks/7G2dc9GiB9eC0dczU8sCHU"
"5Sdt6Rs5iv0I9VqdgsQyAD","2bZlVti3G35TXHANYliIUF","JPM200500298","哀しみ","0","136853","2","8","https://open.spotify.com/track/5Sdt6Rs5iv0I9VqdgsQyAD","https://p.scdn.co/mp3-preview/ff6176fcddcc17833568c40f7ce86a220e730eec?cid=2cd620d784d247ac9def2fbe55de1ad1","https://api.spotify.com/v1/tracks/5Sdt6Rs5iv0I9VqdgsQyAD"
"6cNBatC1xL1iweHvNWVL6U","2bZlVti3G35TXHANYliIUF","JPM200500299","絶望と希望","1","185346","2","9","https://open.spotify.com/track/6cNBatC1xL1iweHvNWVL6U","https://p.scdn.co/mp3-preview/150f1d1bd93558111e1215c2d11a8adb77e5c01a?cid=2cd620d784d247ac9def2fbe55de1ad1","https://api.spotify.com/v1/tracks/6cNBatC1xL1iweHvNWVL6U"
"2HRDbaPuFfYiPGyTCueKbi","2bZlVti3G35TXHANYliIUF","JPM200500300","大真面目","0","64266","2","10","https://open.spotify.com/track/2HRDbaPuFfYiPGyTCueKbi","https://p.scdn.co/mp3-preview/847552dd98913c01eb1ea9a29441e1dc357acff1?cid=2cd620d784d247ac9def2fbe55de1ad1","https://api.spotify.com/v1/tracks/2HRDbaPuFfYiPGyTCueKbi"
"6qdfQYi6rAYcF9ULaMrUtP","2bZlVti3G35TXHANYliIUF","JPM200500301","偉大なる芸術","0","81440","2","11","https://open.spotify.com/track/6qdfQYi6rAYcF9ULaMrUtP","https://p.scdn.co/mp3-preview/6646db14e077bb3388f870a32ec3ee58d898df88?cid=2cd620d784d247ac9def2fbe55de1ad1","https://api.spotify.com/v1/tracks/6qdfQYi6rAYcF9ULaMrUtP"
"2tJFzJdqe5jlh9fAmuPbJF","2bZlVti3G35TXHANYliIUF","JPM200500302","ナルシーのテーマ","0","114813","2","12","https://open.spotify.com/track/2tJFzJdqe5jlh9fAmuPbJF","https://p.scdn.co/mp3-preview/df6385c00707838aff9bd523d4a65c8b5a1f626a?cid=2cd620d784d247ac9def2fbe55de1ad1","https://api.spotify.com/v1/tracks/2tJFzJdqe5jlh9fAmuPbJF"
"3CLZQVhfV6sz5sseORhX0i","2bZlVti3G35TXHANYliIUF","JPM200500303","水の都","1","84306","2","13","https://open.spotify.com/track/3CLZQVhfV6sz5sseORhX0i","https://p.scdn.co/mp3-preview/777779262f4e3ffb2d745c136444a5fb2173353d?cid=2cd620d784d247ac9def2fbe55de1ad1","https://api.spotify.com/v1/tracks/3CLZQVhfV6sz5sseORhX0i"
"5SVrPrsjiRDcpmJw95QeS1","2bZlVti3G35TXHANYliIUF","JPM200500304","おかしな連中","0","87573","2","14","https://open.spotify.com/track/5SVrPrsjiRDcpmJw95QeS1","https://p.scdn.co/mp3-preview/1a0fdd0e6561d28ef1f9fbac3aee7dd2e7aa6622?cid=2cd620d784d247ac9def2fbe55de1ad1","https://api.spotify.com/v1/tracks/5SVrPrsjiRDcpmJw95QeS1"
"2OwePc199CMfiWD2FIaSQn","2bZlVti3G35TXHANYliIUF","JPM200500305","丘に建つ館","0","79666","2","15","https://open.spotify.com/track/2OwePc199CMfiWD2FIaSQn","https://p.scdn.co/mp3-preview/310b6cbc048055d94f387d082eef45e6dccb9d5c?cid=2cd620d784d247ac9def2fbe55de1ad1","https://api.spotify.com/v1/tracks/2OwePc199CMfiWD2FIaSQn"
"4lIHxQ1eINv8Otpus9cnHp","2bZlVti3G35TXHANYliIUF","JPM200500306","可憐なる才女","0","12960","2","16","https://open.spotify.com/track/4lIHxQ1eINv8Otpus9cnHp","https://p.scdn.co/mp3-preview/8fb868ba71f7fcbb8ff2739d1aeac41d58d64603?cid=2cd620d784d247ac9def2fbe55de1ad1","https://api.spotify.com/v1/tracks/4lIHxQ1eINv8Otpus9cnHp"
"0aS3vigtGJB8xhZuJayxPj","2bZlVti3G35TXHANYliIUF","JPM200500307","逃げのびた先に…","0","178200","2","17","https://open.spotify.com/track/0aS3vigtGJB8xhZuJayxPj","https://p.scdn.co/mp3-preview/4aa9d11ad4eb6c7defe45424ed77f06a448a2488?cid=2cd620d784d247ac9def2fbe55de1ad1","https://api.spotify.com/v1/tracks/0aS3vigtGJB8xhZuJayxPj"
"2hbMnfDi6O7wwt3v5Lq3FA","2bZlVti3G35TXHANYliIUF","JPM200500308","悲しみを越えて","1","147893","2","18","https://open.spotify.com/track/2hbMnfDi6O7wwt3v5Lq3FA","https://p.scdn.co/mp3-preview/705941707a7afc9b1393563a4ead3bdf6ede2efa?cid=2cd620d784d247ac9def2fbe55de1ad1","https://api.spotify.com/v1/tracks/2hbMnfDi6O7wwt3v5Lq3FA"
"073MG4XAHR2LVx3tyPp3ay","2bZlVti3G35TXHANYliIUF","JPM200500309","出陣!","0","182173","2","19","https://open.spotify.com/track/073MG4XAHR2LVx3tyPp3ay","https://p.scdn.co/mp3-preview/e4e5d800fc2ca1a941898b37cd313c7c1c2ee522?cid=2cd620d784d247ac9def2fbe55de1ad1","https://api.spotify.com/v1/tracks/073MG4XAHR2LVx3tyPp3ay"
"50b5nFRva5Q6JQHHXjlxde","2bZlVti3G35TXHANYliIUF","JPM200500310","激突!","1","86013","2","20","https://open.spotify.com/track/50b5nFRva5Q6JQHHXjlxde","https://p.scdn.co/mp3-preview/620d460f14747efba6b32bae3c29f23b3c57e1e0?cid=2cd620d784d247ac9def2fbe55de1ad1","https://api.spotify.com/v1/tracks/50b5nFRva5Q6JQHHXjlxde"
"5dLP6fGzSzmPJ2ipBHpDJC","2bZlVti3G35TXHANYliIUF","JPM200500311","勝利の雄叫び!","0","37600","2","21","https://open.spotify.com/track/5dLP6fGzSzmPJ2ipBHpDJC","https://p.scdn.co/mp3-preview/b17d7a15967de0fa7c68cd028d1c4fe998b35f0b?cid=2cd620d784d247ac9def2fbe55de1ad1","https://api.spotify.com/v1/tracks/5dLP6fGzSzmPJ2ipBHpDJC"
"0m22eBceDprXMVf29g3Izy","2bZlVti3G35TXHANYliIUF","JPM200500312","敗北","0","36266","2","22","https://open.spotify.com/track/0m22eBceDprXMVf29g3Izy","https://p.scdn.co/mp3-preview/d7e5ecab3c4861af73ea929bebe416161057aad1?cid=2cd620d784d247ac9def2fbe55de1ad1","https://api.spotify.com/v1/tracks/0m22eBceDprXMVf29g3Izy"
"37tuax9DckzLAUcmuAgeCt","2bZlVti3G35TXHANYliIUF","JPM200500313","力尽きたとき","0","98320","2","23","https://open.spotify.com/track/37tuax9DckzLAUcmuAgeCt","https://p.scdn.co/mp3-preview/1ad373182c0d8e29acc313ab635960795eaa739f?cid=2cd620d784d247ac9def2fbe55de1ad1","https://api.spotify.com/v1/tracks/37tuax9DckzLAUcmuAgeCt"
"0iVNpaOUzKj4WStLa3aDIL","2bZlVti3G35TXHANYliIUF","JPM200500314","大河を駆ける","0","75253","2","24","https://open.spotify.com/track/0iVNpaOUzKj4WStLa3aDIL","https://p.scdn.co/mp3-preview/23175e1774d5ecdcd3f48c38b04b39b6484c5cdf?cid=2cd620d784d247ac9def2fbe55de1ad1","https://api.spotify.com/v1/tracks/0iVNpaOUzKj4WStLa3aDIL"
"1LSLYL3tJvPmH91FIURaVU","2bZlVti3G35TXHANYliIUF","JPM200500315","地底の民","0","92680","2","25","https://open.spotify.com/track/1LSLYL3tJvPmH91FIURaVU","https://p.scdn.co/mp3-preview/3658b2ae8c356076f19cb66621a49d9708a6e9aa?cid=2cd620d784d247ac9def2fbe55de1ad1","https://api.spotify.com/v1/tracks/1LSLYL3tJvPmH91FIURaVU"
"0dRx8KtgGOMfunXat0dXaR","2bZlVti3G35TXHANYliIUF","JPM200500316","土と水と火と鉄","0","80786","2","26","https://open.spotify.com/track/0dRx8KtgGOMfunXat0dXaR","https://p.scdn.co/mp3-preview/ef93a0463abcf0e0d58cea1a7604f0f4a5de0001?cid=2cd620d784d247ac9def2fbe55de1ad1","https://api.spotify.com/v1/tracks/0dRx8KtgGOMfunXat0dXaR"
"0W6vaXlgsxJBXCZ1F4SbzT","2bZlVti3G35TXHANYliIUF","JPM200500317","幽閉","0","101466","2","27","https://open.spotify.com/track/0W6vaXlgsxJBXCZ1F4SbzT","https://p.scdn.co/mp3-preview/11533a7212c2ef19ad97f178016f07d786147bb5?cid=2cd620d784d247ac9def2fbe55de1ad1","https://api.spotify.com/v1/tracks/0W6vaXlgsxJBXCZ1F4SbzT"
"5fBHBkmjDmKjpjeMjam6Lf","2bZlVti3G35TXHANYliIUF","JPM200500318","軍師","1","176253","2","28","https://open.spotify.com/track/5fBHBkmjDmKjpjeMjam6Lf","https://p.scdn.co/mp3-preview/8b42fe9b7030b315a399e5f9b56661a18d7b05ed?cid=2cd620d784d247ac9def2fbe55de1ad1","https://api.spotify.com/v1/tracks/5fBHBkmjDmKjpjeMjam6Lf"
"3i6RIB5tMp2ODn9XfSITdh","2bZlVti3G35TXHANYliIUF","JPM200500319","作戦","0","145720","2","29","https://open.spotify.com/track/3i6RIB5tMp2ODn9XfSITdh","https://p.scdn.co/mp3-preview/d448272e1d26add575a25bdc1bfcbb267669aa56?cid=2cd620d784d247ac9def2fbe55de1ad1","https://api.spotify.com/v1/tracks/3i6RIB5tMp2ODn9XfSITdh"
"3xjdYPMFnKdA4I97zjg7am","2bZlVti3G35TXHANYliIUF","JPM200500320","疑惑の影","0","84933","2","30","https://open.spotify.com/track/3xjdYPMFnKdA4I97zjg7am","https://p.scdn.co/mp3-preview/d486fb5d533164bbe6d203f14ecb5ef40b68c767?cid=2cd620d784d247ac9def2fbe55de1ad1","https://api.spotify.com/v1/tracks/3xjdYPMFnKdA4I97zjg7am"
"4JWnpFNamLGn00Satm9Vq3","2bZlVti3G35TXHANYliIUF","JPM200500321","オボロ探偵事務所","0","76773","2","31","https://open.spotify.com/track/4JWnpFNamLGn00Satm9Vq3","https://p.scdn.co/mp3-preview/cd9702d35b029182c7bf19519ab88352a644c61a?cid=2cd620d784d247ac9def2fbe55de1ad1","https://api.spotify.com/v1/tracks/4JWnpFNamLGn00Satm9Vq3"
"01y40ZXsusqIIXtVsrgJgA","2bZlVti3G35TXHANYliIUF","JPM200500322","とぼけたヤツら","0","100333","2","32","https://open.spotify.com/track/01y40ZXsusqIIXtVsrgJgA","https://p.scdn.co/mp3-preview/67b0dbb40616099d42723034abeec8d197c9228c?cid=2cd620d784d247ac9def2fbe55de1ad1","https://api.spotify.com/v1/tracks/01y40ZXsusqIIXtVsrgJgA"
"1XEdEBvaQAfdTttbOzX20A","2bZlVti3G35TXHANYliIUF","JPM200500323","失墜","0","98573","2","33","https://open.spotify.com/track/1XEdEBvaQAfdTttbOzX20A","https://p.scdn.co/mp3-preview/f7249ff2788598f23df9c5eeab82485336309943?cid=2cd620d784d247ac9def2fbe55de1ad1","https://api.spotify.com/v1/tracks/1XEdEBvaQAfdTttbOzX20A"
"6ICZ9XMCU0v3SkRKXI7KiT","2bZlVti3G35TXHANYliIUF","JPM200500324","交響詩「死の狂宴」","0","127893","2","34","https://open.spotify.com/track/6ICZ9XMCU0v3SkRKXI7KiT","https://p.scdn.co/mp3-preview/596c85a6b4b84671328f9def20979f7bf485787d?cid=2cd620d784d247ac9def2fbe55de1ad1","https://api.spotify.com/v1/tracks/6ICZ9XMCU0v3SkRKXI7KiT"
"26Bj4ET5tVLgPA8WoF542y","2bZlVti3G35TXHANYliIUF","JPM200500325","山河を越えて","0","103333","2","35","https://open.spotify.com/track/26Bj4ET5tVLgPA8WoF542y","https://p.scdn.co/mp3-preview/74dae1061d0ed4c4088798a1b22049f0c67f6765?cid=2cd620d784d247ac9def2fbe55de1ad1","https://api.spotify.com/v1/tracks/26Bj4ET5tVLgPA8WoF542y"
"0VNOwOKAY9S8nyVuy6LUhd","2bZlVti3G35TXHANYliIUF","JPM200500326","癒しの村","0","81813","2","36","https://open.spotify.com/track/0VNOwOKAY9S8nyVuy6LUhd","https://p.scdn.co/mp3-preview/8766d9bd8f426de3626ba5e4de4e69493cc94107?cid=2cd620d784d247ac9def2fbe55de1ad1","https://api.spotify.com/v1/tracks/0VNOwOKAY9S8nyVuy6LUhd"
"5e8kHpiemfFdttVzVUwM4R","2bZlVti3G35TXHANYliIUF","JPM200500327","水と木と太陽","0","90106","2","37","https://open.spotify.com/track/5e8kHpiemfFdttVzVUwM4R","https://p.scdn.co/mp3-preview/a0cfd73c19066f32d74016bdb213b33293338ad6?cid=2cd620d784d247ac9def2fbe55de1ad1","https://api.spotify.com/v1/tracks/5e8kHpiemfFdttVzVUwM4R"
"3gG4QnSXisB4Jq4MM2kvFk","2bZlVti3G35TXHANYliIUF","JPM200500328","ぬくもり","0","140640","2","38","https://open.spotify.com/track/3gG4QnSXisB4Jq4MM2kvFk","https://p.scdn.co/mp3-preview/088e9344481beb2e156d529543941f62a66df294?cid=2cd620d784d247ac9def2fbe55de1ad1","https://api.spotify.com/v1/tracks/3gG4QnSXisB4Jq4MM2kvFk"
"6WI9J2NRh4wJMKcZ2FZbbR","2bZlVti3G35TXHANYliIUF","JPM200500329","再生の幻","0","119173","2","39","https://open.spotify.com/track/6WI9J2NRh4wJMKcZ2FZbbR","https://p.scdn.co/mp3-preview/fee206e4d1333f5470e029d15025bcc36d10fb55?cid=2cd620d784d247ac9def2fbe55de1ad1","https://api.spotify.com/v1/tracks/6WI9J2NRh4wJMKcZ2FZbbR"
"4p5p5DLuyJErNusRnFyiyx","2bZlVti3G35TXHANYliIUF","JPM200500330","敵か味方か","0","87773","2","40","https://open.spotify.com/track/4p5p5DLuyJErNusRnFyiyx","https://p.scdn.co/mp3-preview/0fc67a1bea4da8042a4989248f38678063c2787a?cid=2cd620d784d247ac9def2fbe55de1ad1","https://api.spotify.com/v1/tracks/4p5p5DLuyJErNusRnFyiyx"
"6yNNp5iqWOSBE7vV8qlHlF","2bZlVti3G35TXHANYliIUF","JPM200500331","シンダル族の跡","0","134960","2","41","https://open.spotify.com/track/6yNNp5iqWOSBE7vV8qlHlF","https://p.scdn.co/mp3-preview/d0789fcc60cb43640b2c6ed6eeeda3843765b70f?cid=2cd620d784d247ac9def2fbe55de1ad1","https://api.spotify.com/v1/tracks/6yNNp5iqWOSBE7vV8qlHlF"
"1hVbrgst0dzDQhIZjWlyqR","2bZlVti3G35TXHANYliIUF","JPM200500332","天真天然","0","67746","2","42","https://open.spotify.com/track/1hVbrgst0dzDQhIZjWlyqR","https://p.scdn.co/mp3-preview/ff37ecdbf07616e15ce213f9f771fdb528aca386?cid=2cd620d784d247ac9def2fbe55de1ad1","https://api.spotify.com/v1/tracks/1hVbrgst0dzDQhIZjWlyqR"
"0JftQ1iNrq25kBmTDBAQ5W","2bZlVti3G35TXHANYliIUF","JPM200500333","大河と太陽","0","129320","3","1","https://open.spotify.com/track/0JftQ1iNrq25kBmTDBAQ5W","https://p.scdn.co/mp3-preview/0373d90f6a15874b655c65c2246ebb4880e540e6?cid=2cd620d784d247ac9def2fbe55de1ad1","https://api.spotify.com/v1/tracks/0JftQ1iNrq25kBmTDBAQ5W"
"4P6PO4dEveOAstQ4evpW4U","2bZlVti3G35TXHANYliIUF","JPM200500334","星の塔","0","122733","3","2","https://open.spotify.com/track/4P6PO4dEveOAstQ4evpW4U","https://p.scdn.co/mp3-preview/84f98a7e64e028d8209d4f42a73fe2b3b8689c13?cid=2cd620d784d247ac9def2fbe55de1ad1","https://api.spotify.com/v1/tracks/4P6PO4dEveOAstQ4evpW4U"
"1hBddquB73pIr12wSTzN91","2bZlVti3G35TXHANYliIUF","JPM200500335","ロードレイク再興","0","84373","3","3","https://open.spotify.com/track/1hBddquB73pIr12wSTzN91","https://p.scdn.co/mp3-preview/a4678091ea5260d2a30fb4a0ec6caadc2f882fde?cid=2cd620d784d247ac9def2fbe55de1ad1","https://api.spotify.com/v1/tracks/1hBddquB73pIr12wSTzN91"
"0S2rIQewSa3PBo5AvsR5ot","2bZlVti3G35TXHANYliIUF","JPM200500336","運命を共に","0","5946","3","4","https://open.spotify.com/track/0S2rIQewSa3PBo5AvsR5ot","https://p.scdn.co/mp3-preview/01ccaa14ae66ff19f535c8028aecbd9ccd363f9d?cid=2cd620d784d247ac9def2fbe55de1ad1","https://api.spotify.com/v1/tracks/0S2rIQewSa3PBo5AvsR5ot"
"4cpOVmFVnYKpFjSHwsZhbB","2bZlVti3G35TXHANYliIUF","JPM200500337","3つの島","0","82426","3","5","https://open.spotify.com/track/4cpOVmFVnYKpFjSHwsZhbB","https://p.scdn.co/mp3-preview/b3da0afb6dc694cda8b834555cbd6138c857fb6c?cid=2cd620d784d247ac9def2fbe55de1ad1","https://api.spotify.com/v1/tracks/4cpOVmFVnYKpFjSHwsZhbB"
"1CjzWHRLcmZxTkO8jtHxsU","2bZlVti3G35TXHANYliIUF","JPM200500338","絆","0","117186","3","6","https://open.spotify.com/track/1CjzWHRLcmZxTkO8jtHxsU","https://p.scdn.co/mp3-preview/3c8ed66a932f63068e12a29dadb4fc491e95b27b?cid=2cd620d784d247ac9def2fbe55de1ad1","https://api.spotify.com/v1/tracks/1CjzWHRLcmZxTkO8jtHxsU"
"4miglw12HWCv4micwfok2t","2bZlVti3G35TXHANYliIUF","JPM200500339","最終防衛戦","0","78440","3","7","https://open.spotify.com/track/4miglw12HWCv4micwfok2t","https://p.scdn.co/mp3-preview/e051d04fb4fce95e20ea57588afd7e083d7eee3f?cid=2cd620d784d247ac9def2fbe55de1ad1","https://api.spotify.com/v1/tracks/4miglw12HWCv4micwfok2t"
"2Dp2ISB9GIbqRVUSBHlYlk","2bZlVti3G35TXHANYliIUF","JPM200500340","なびく勝旗","0","25826","3","8","https://open.spotify.com/track/2Dp2ISB9GIbqRVUSBHlYlk","https://p.scdn.co/mp3-preview/b48bff434cf90c5067afc99840a3a36acbf7db45?cid=2cd620d784d247ac9def2fbe55de1ad1","https://api.spotify.com/v1/tracks/2Dp2ISB9GIbqRVUSBHlYlk"
"7kvjYs1nQoiXNlxc66rE7m","2bZlVti3G35TXHANYliIUF","JPM200500341","砦の街","0","116333","3","9","https://open.spotify.com/track/7kvjYs1nQoiXNlxc66rE7m","https://p.scdn.co/mp3-preview/3092e328c6d592482839de1135ad2e2c2967bba7?cid=2cd620d784d247ac9def2fbe55de1ad1","https://api.spotify.com/v1/tracks/7kvjYs1nQoiXNlxc66rE7m"
"1f3CbnQLoZOVyjoX1GohKj","2bZlVti3G35TXHANYliIUF","JPM200500342","戦いの予感","0","94586","3","10","https://open.spotify.com/track/1f3CbnQLoZOVyjoX1GohKj","https://p.scdn.co/mp3-preview/1bbd3a0d16dae817634f201497ccb75a33d12eed?cid=2cd620d784d247ac9def2fbe55de1ad1","https://api.spotify.com/v1/tracks/1f3CbnQLoZOVyjoX1GohKj"
"4tF4dPrryOTqkwNYydxTLb","2bZlVti3G35TXHANYliIUF","JPM200500343","ユーラム・バロウズ推参っ!","0","74346","3","11","https://open.spotify.com/track/4tF4dPrryOTqkwNYydxTLb","https://p.scdn.co/mp3-preview/972b51d1a9ced04968335b1cef89a96a445f27d0?cid=2cd620d784d247ac9def2fbe55de1ad1","https://api.spotify.com/v1/tracks/4tF4dPrryOTqkwNYydxTLb"
"7mjw6GFTCsw3pFlr2wvhns","2bZlVti3G35TXHANYliIUF","JPM200500344","風車のある風景","0","93213","3","12","https://open.spotify.com/track/7mjw6GFTCsw3pFlr2wvhns","https://p.scdn.co/mp3-preview/8b74431d988eabf48d368314d8ae3374b07c358c?cid=2cd620d784d247ac9def2fbe55de1ad1","https://api.spotify.com/v1/tracks/7mjw6GFTCsw3pFlr2wvhns"
"4SPeSKEtqwTd6r11R0IDop","2bZlVti3G35TXHANYliIUF","JPM200500345","耀ける海よ!空よ!再び!","0","98706","3","13","https://open.spotify.com/track/4SPeSKEtqwTd6r11R0IDop","https://p.scdn.co/mp3-preview/7520b3b591e550266ba107bc0c5aeb937647d8c7?cid=2cd620d784d247ac9def2fbe55de1ad1","https://api.spotify.com/v1/tracks/4SPeSKEtqwTd6r11R0IDop"
"1XoNeA5EK1TzisURKWmFnq","2bZlVti3G35TXHANYliIUF","JPM200500346","灯台のある港街","0","105626","3","14","https://open.spotify.com/track/1XoNeA5EK1TzisURKWmFnq","https://p.scdn.co/mp3-preview/e7649c76f598f4bd9722195c8f60d2ecd2776cb1?cid=2cd620d784d247ac9def2fbe55de1ad1","https://api.spotify.com/v1/tracks/1XoNeA5EK1TzisURKWmFnq"
"5H7OdznQ9UdDzrpoD9HgRf","2bZlVti3G35TXHANYliIUF","JPM200500347","群島諸国連合艦隊提督","0","111853","3","15","https://open.spotify.com/track/5H7OdznQ9UdDzrpoD9HgRf","https://p.scdn.co/mp3-preview/34210a4fe9962e693e58801cc157ea8ea743b9a4?cid=2cd620d784d247ac9def2fbe55de1ad1","https://api.spotify.com/v1/tracks/5H7OdznQ9UdDzrpoD9HgRf"
"08hQfy6hCxzkPhuXBFQLNS","2bZlVti3G35TXHANYliIUF","JPM200500348","ニルバ島大灯台","0","104053","3","16","https://open.spotify.com/track/08hQfy6hCxzkPhuXBFQLNS","https://p.scdn.co/mp3-preview/c023f60115217be331167aa04b79daf0b58ee49e?cid=2cd620d784d247ac9def2fbe55de1ad1","https://api.spotify.com/v1/tracks/08hQfy6hCxzkPhuXBFQLNS"
"03hpsXz6p3bXHAe7EZg99m","2bZlVti3G35TXHANYliIUF","JPM200500349","海賊退治","0","118053","3","17","https://open.spotify.com/track/03hpsXz6p3bXHAe7EZg99m","https://p.scdn.co/mp3-preview/a7da6f910f11e9eed8f27019464c79939a556249?cid=2cd620d784d247ac9def2fbe55de1ad1","https://api.spotify.com/v1/tracks/03hpsXz6p3bXHAe7EZg99m"
"3boHFhxUitvErPrsd941wB","2bZlVti3G35TXHANYliIUF","JPM200500350","「戴冠式」","0","77546","3","18","https://open.spotify.com/track/3boHFhxUitvErPrsd941wB","https://p.scdn.co/mp3-preview/884c69e80653cb832a549ed1581de611c4ccb07d?cid=2cd620d784d247ac9def2fbe55de1ad1","https://api.spotify.com/v1/tracks/3boHFhxUitvErPrsd941wB"
"5ijVyF4F0nyenP9hElU7Go","2bZlVti3G35TXHANYliIUF","JPM200500351","水のほとりに集いし我ら","0","146653","3","19","https://open.spotify.com/track/5ijVyF4F0nyenP9hElU7Go","https://p.scdn.co/mp3-preview/56315919aeb51d334c104d234b79e002d1c6f405?cid=2cd620d784d247ac9def2fbe55de1ad1","https://api.spotify.com/v1/tracks/5ijVyF4F0nyenP9hElU7Go"
"5XlcBHMjuuTucfFbYonUEQ","2bZlVti3G35TXHANYliIUF","JPM200500352","勝負!","0","88546","3","20","https://open.spotify.com/track/5XlcBHMjuuTucfFbYonUEQ","https://p.scdn.co/mp3-preview/a5a097f7d3f857fc4b0a72e8be667b3817e264bf?cid=2cd620d784d247ac9def2fbe55de1ad1","https://api.spotify.com/v1/tracks/5XlcBHMjuuTucfFbYonUEQ"
"28zQThG8tCAEn7KiH58Cpq","2bZlVti3G35TXHANYliIUF","JPM200500353","机の上の戦争","0","66320","3","21","https://open.spotify.com/track/28zQThG8tCAEn7KiH58Cpq","https://p.scdn.co/mp3-preview/37f6dd677cc2f8cd5881fcb0cae303840989814a?cid=2cd620d784d247ac9def2fbe55de1ad1","https://api.spotify.com/v1/tracks/28zQThG8tCAEn7KiH58Cpq"
"4xFhcvewwG7FDXfBK9ljns","2bZlVti3G35TXHANYliIUF","JPM200500354","竜馬操技演習","0","104226","3","22","https://open.spotify.com/track/4xFhcvewwG7FDXfBK9ljns","https://p.scdn.co/mp3-preview/ac7825a145ecafb1a047e60ed4ab44b68433b726?cid=2cd620d784d247ac9def2fbe55de1ad1","https://api.spotify.com/v1/tracks/4xFhcvewwG7FDXfBK9ljns"
"3mO2HoQDSReIiRRYE0iH6Q","2bZlVti3G35TXHANYliIUF","JPM200500355","軍事要塞","0","117280","3","23","https://open.spotify.com/track/3mO2HoQDSReIiRRYE0iH6Q","https://p.scdn.co/mp3-preview/5becb0edd494287f4ea2e31da784e517b051bf43?cid=2cd620d784d247ac9def2fbe55de1ad1","https://api.spotify.com/v1/tracks/3mO2HoQDSReIiRRYE0iH6Q"
"3QQnyMMNutqt27it5JXzTZ","2bZlVti3G35TXHANYliIUF","JPM200500356","反撃","0","136506","3","24","https://open.spotify.com/track/3QQnyMMNutqt27it5JXzTZ","https://p.scdn.co/mp3-preview/58f4dd2d2b8e5a3d8c157ce97f726d10c4efdbf5?cid=2cd620d784d247ac9def2fbe55de1ad1","https://api.spotify.com/v1/tracks/3QQnyMMNutqt27it5JXzTZ"
"7EFwZuzKAZYMzYgUlJg2qe","2bZlVti3G35TXHANYliIUF","JPM200500357","生か死か","1","114066","3","25","https://open.spotify.com/track/7EFwZuzKAZYMzYgUlJg2qe","https://p.scdn.co/mp3-preview/f5f3ffd0f6488fb002615b5d83fb8c145b6bea75?cid=2cd620d784d247ac9def2fbe55de1ad1","https://api.spotify.com/v1/tracks/7EFwZuzKAZYMzYgUlJg2qe"
"4emkSZ4n5NhDr4rmwmwtyo","2bZlVti3G35TXHANYliIUF","JPM200500358","悲痛","0","104786","3","26","https://open.spotify.com/track/4emkSZ4n5NhDr4rmwmwtyo","https://p.scdn.co/mp3-preview/105ac291154f1406c52134893ba71aa193738fe3?cid=2cd620d784d247ac9def2fbe55de1ad1","https://api.spotify.com/v1/tracks/4emkSZ4n5NhDr4rmwmwtyo"
"4gmJ5K63YKH8RYuVTPY5Z1","2bZlVti3G35TXHANYliIUF","JPM200500359","決意 ~悲壮な戦い~","1","156066","3","27","https://open.spotify.com/track/4gmJ5K63YKH8RYuVTPY5Z1","https://p.scdn.co/mp3-preview/dc5be1afd55bc0d596fca1ce93bd687ee412f09e?cid=2cd620d784d247ac9def2fbe55de1ad1","https://api.spotify.com/v1/tracks/4gmJ5K63YKH8RYuVTPY5Z1"
"7GfyCrfD4JLTfchHG52aRs","2bZlVti3G35TXHANYliIUF","JPM200500360","白き魔術師 ~彼方の星~","0","148373","3","28","https://open.spotify.com/track/7GfyCrfD4JLTfchHG52aRs","https://p.scdn.co/mp3-preview/8f5eeb34043dc4cc5c1fe42f17b6f516c29877c0?cid=2cd620d784d247ac9def2fbe55de1ad1","https://api.spotify.com/v1/tracks/7GfyCrfD4JLTfchHG52aRs"
"4Zm5ZC28nbJP9kqOr0tDg2","2bZlVti3G35TXHANYliIUF","JPM200500361","突撃!","0","146226","3","29","https://open.spotify.com/track/4Zm5ZC28nbJP9kqOr0tDg2","https://p.scdn.co/mp3-preview/60e77a5578dde205341c33dbc22255a705991366?cid=2cd620d784d247ac9def2fbe55de1ad1","https://api.spotify.com/v1/tracks/4Zm5ZC28nbJP9kqOr0tDg2"
"2lUgVST65X7H5H97ldAt8a","2bZlVti3G35TXHANYliIUF","JPM200500362","裏切り","0","112280","3","30","https://open.spotify.com/track/2lUgVST65X7H5H97ldAt8a","https://p.scdn.co/mp3-preview/dd7d789a801a8cb0c4a98edb8faf4e7376c3f2fe?cid=2cd620d784d247ac9def2fbe55de1ad1","https://api.spotify.com/v1/tracks/2lUgVST65X7H5H97ldAt8a"
"3GbtffekY2dFslkoKppeb3","2bZlVti3G35TXHANYliIUF","JPM200500363","決別","0","159440","3","31","https://open.spotify.com/track/3GbtffekY2dFslkoKppeb3","https://p.scdn.co/mp3-preview/6de128f286ef29debf645c5abb447ef9b1499d5b?cid=2cd620d784d247ac9def2fbe55de1ad1","https://api.spotify.com/v1/tracks/3GbtffekY2dFslkoKppeb3"
"13kCaL7EHSumyZL5fAbylr","2bZlVti3G35TXHANYliIUF","JPM200500364","最深部","0","88720","3","32","https://open.spotify.com/track/13kCaL7EHSumyZL5fAbylr","https://p.scdn.co/mp3-preview/a2ec13b094b45e64c4c02c5cc22acff0d07e0a5f?cid=2cd620d784d247ac9def2fbe55de1ad1","https://api.spotify.com/v1/tracks/13kCaL7EHSumyZL5fAbylr"
"1JPy4tk0qa9M6meIN9A4zY","2bZlVti3G35TXHANYliIUF","JPM200500365","堅牢なる城","0","80813","3","33","https://open.spotify.com/track/1JPy4tk0qa9M6meIN9A4zY","https://p.scdn.co/mp3-preview/8ac1ee3a8d3dfdefe468bc11ab020ef874738189?cid=2cd620d784d247ac9def2fbe55de1ad1","https://api.spotify.com/v1/tracks/1JPy4tk0qa9M6meIN9A4zY"
"5nZ75vhzbUECRVamoI9Tr9","2bZlVti3G35TXHANYliIUF","JPM200500366","戦地に響く笛の音","0","147426","3","34","https://open.spotify.com/track/5nZ75vhzbUECRVamoI9Tr9","https://p.scdn.co/mp3-preview/c466f8e3a49e396090110d7a986a0f693a733e9d?cid=2cd620d784d247ac9def2fbe55de1ad1","https://api.spotify.com/v1/tracks/5nZ75vhzbUECRVamoI9Tr9"
"1DBVCV3WLyVJNUvpqYVTDG","2bZlVti3G35TXHANYliIUF","JPM200500367","竜馬、草原をゆく","0","62466","3","35","https://open.spotify.com/track/1DBVCV3WLyVJNUvpqYVTDG","https://p.scdn.co/mp3-preview/421fa388b2b94952bb29e29d6fe3ef6742ce2efa?cid=2cd620d784d247ac9def2fbe55de1ad1","https://api.spotify.com/v1/tracks/1DBVCV3WLyVJNUvpqYVTDG"
"5wD9HxlRqdMgVbikT2DSXR","2bZlVti3G35TXHANYliIUF","JPM200500368","ゴドウィンの兵たち","0","85960","3","36","https://open.spotify.com/track/5wD9HxlRqdMgVbikT2DSXR","https://p.scdn.co/mp3-preview/8121485518eb2ed0f66880875a154c9d8a22e3a5?cid=2cd620d784d247ac9def2fbe55de1ad1","https://api.spotify.com/v1/tracks/5wD9HxlRqdMgVbikT2DSXR"
"1wtWmY8QGoTfRMY0PsebkZ","2bZlVti3G35TXHANYliIUF","JPM200500369","凱歌","0","155973","3","37","https://open.spotify.com/track/1wtWmY8QGoTfRMY0PsebkZ","https://p.scdn.co/mp3-preview/98489257afd583f690d1ce5533b0dac3d949bde2?cid=2cd620d784d247ac9def2fbe55de1ad1","https://api.spotify.com/v1/tracks/1wtWmY8QGoTfRMY0PsebkZ"
"4W6Py0wbjdtsuf3bxfPqzh","2bZlVti3G35TXHANYliIUF","JPM200500370","黎明の城","0","211946","3","38","https://open.spotify.com/track/4W6Py0wbjdtsuf3bxfPqzh","https://p.scdn.co/mp3-preview/14cef4020224dcfd11584b5702d33feaac8bcc90?cid=2cd620d784d247ac9def2fbe55de1ad1","https://api.spotify.com/v1/tracks/4W6Py0wbjdtsuf3bxfPqzh"
"3MkUXVvE5rc8xbs1YsAJzi","2bZlVti3G35TXHANYliIUF","JPM200500371","魅惑の紋章師","0","119480","3","39","https://open.spotify.com/track/3MkUXVvE5rc8xbs1YsAJzi","https://p.scdn.co/mp3-preview/2a92f567fd6d6eaf37d75fe907de52bc3f33e1c5?cid=2cd620d784d247ac9def2fbe55de1ad1","https://api.spotify.com/v1/tracks/3MkUXVvE5rc8xbs1YsAJzi"
"2IU10X4rrBc0mc7qzLos70","2bZlVti3G35TXHANYliIUF","JPM200500372","迷宮彷徨","0","121386","3","40","https://open.spotify.com/track/2IU10X4rrBc0mc7qzLos70","https://p.scdn.co/mp3-preview/fa4aafc084312ecff9d0c2e3971778546d6cd52f?cid=2cd620d784d247ac9def2fbe55de1ad1","https://api.spotify.com/v1/tracks/2IU10X4rrBc0mc7qzLos70"
"1hrKjcEHS40Yc3Ho1vMYgb","2bZlVti3G35TXHANYliIUF","JPM200500373","地中に封印された街","0","115093","3","41","https://open.spotify.com/track/1hrKjcEHS40Yc3Ho1vMYgb","https://p.scdn.co/mp3-preview/8e6eddff16b8e7ffec6334dba3de169bb107b310?cid=2cd620d784d247ac9def2fbe55de1ad1","https://api.spotify.com/v1/tracks/1hrKjcEHS40Yc3Ho1vMYgb"
"11n7MSW56wf6UhNkXrzukJ","2bZlVti3G35TXHANYliIUF","JPM200500374","悲愴な願い","0","199826","4","1","https://open.spotify.com/track/11n7MSW56wf6UhNkXrzukJ","https://p.scdn.co/mp3-preview/4480e4a315932e4b9d64ff668eae0cf55947dd5d?cid=2cd620d784d247ac9def2fbe55de1ad1","https://api.spotify.com/v1/tracks/11n7MSW56wf6UhNkXrzukJ"
"2LOFgYXEVFQF7jyLfjnBv5","2bZlVti3G35TXHANYliIUF","JPM200500375","闇に哭する光","1","191960","4","2","https://open.spotify.com/track/2LOFgYXEVFQF7jyLfjnBv5","https://p.scdn.co/mp3-preview/315e707f66953ea47a28f721e82b5397129ee8ea?cid=2cd620d784d247ac9def2fbe55de1ad1","https://api.spotify.com/v1/tracks/2LOFgYXEVFQF7jyLfjnBv5"
"7AndstOzRxh2EQPvKP70Vy","2bZlVti3G35TXHANYliIUF","JPM200500376","アーメス新王国","0","99653","4","3","https://open.spotify.com/track/7AndstOzRxh2EQPvKP70Vy","https://p.scdn.co/mp3-preview/7675d7ed8b2c87b5be8eb2406cfa58726473a16a?cid=2cd620d784d247ac9def2fbe55de1ad1","https://api.spotify.com/v1/tracks/7AndstOzRxh2EQPvKP70Vy"
"2S6r5Aa4UxkyPuZdRcU8NM","2bZlVti3G35TXHANYliIUF","JPM200500377","舞踏狂詩曲","0","194093","4","4","https://open.spotify.com/track/2S6r5Aa4UxkyPuZdRcU8NM","https://p.scdn.co/mp3-preview/fa4f265ed547c7db94206fc9c143926a220cf462?cid=2cd620d784d247ac9def2fbe55de1ad1","https://api.spotify.com/v1/tracks/2S6r5Aa4UxkyPuZdRcU8NM"
"226rCyLwmkOQZcuxYtLrWh","2bZlVti3G35TXHANYliIUF","JPM200500378","陥落","0","121760","4","5","https://open.spotify.com/track/226rCyLwmkOQZcuxYtLrWh","https://p.scdn.co/mp3-preview/decb135bba3a5cc7823cbbc9568b8197ff310c58?cid=2cd620d784d247ac9def2fbe55de1ad1","https://api.spotify.com/v1/tracks/226rCyLwmkOQZcuxYtLrWh"
"6E9qyxftNTUZNR406G0fOF","2bZlVti3G35TXHANYliIUF","JPM200500379","決戦前夜 ~月夜のテーマ~","0","288560","4","6","https://open.spotify.com/track/6E9qyxftNTUZNR406G0fOF","https://p.scdn.co/mp3-preview/3ae68a3049d22a781f96fa92a681036c6ca591d0?cid=2cd620d784d247ac9def2fbe55de1ad1","https://api.spotify.com/v1/tracks/6E9qyxftNTUZNR406G0fOF"
"3kgEOUanCx2IBDf08gzqTH","2bZlVti3G35TXHANYliIUF","JPM200500380","やすらぎ","0","83733","4","7","https://open.spotify.com/track/3kgEOUanCx2IBDf08gzqTH","https://p.scdn.co/mp3-preview/66d969e0d1ffa90057364cd55225c209d36d6a75?cid=2cd620d784d247ac9def2fbe55de1ad1","https://api.spotify.com/v1/tracks/3kgEOUanCx2IBDf08gzqTH"
"0DOshNohKsLMYgzKCB5U9P","2bZlVti3G35TXHANYliIUF","JPM200500381","月夜に響く笛の音","0","85280","4","8","https://open.spotify.com/track/0DOshNohKsLMYgzKCB5U9P","https://p.scdn.co/mp3-preview/0e1501b3e3994520355fc4fe10b44e20bcf87bc1?cid=2cd620d784d247ac9def2fbe55de1ad1","https://api.spotify.com/v1/tracks/0DOshNohKsLMYgzKCB5U9P"
"7agRBZB4wjAUqfBlTHqvvt","2bZlVti3G35TXHANYliIUF","JPM200500382","ソルファレナ奪還戦","0","125346","4","9","https://open.spotify.com/track/7agRBZB4wjAUqfBlTHqvvt","https://p.scdn.co/mp3-preview/c03581faff8c4e2ab8b5d1523353bc7a63bd31d3?cid=2cd620d784d247ac9def2fbe55de1ad1","https://api.spotify.com/v1/tracks/7agRBZB4wjAUqfBlTHqvvt"
"09k7oMlsJcIxmgI4EkGZ04","2bZlVti3G35TXHANYliIUF","JPM200500383","怒涛","0","153013","4","10","https://open.spotify.com/track/09k7oMlsJcIxmgI4EkGZ04","https://p.scdn.co/mp3-preview/3ca3705b71612fcb3f5242df0294a25d6f7249ab?cid=2cd620d784d247ac9def2fbe55de1ad1","https://api.spotify.com/v1/tracks/09k7oMlsJcIxmgI4EkGZ04"
"6gajlVwJH5YICRn8BMCVnn","2bZlVti3G35TXHANYliIUF","JPM200500384","宿命の対決","0","189346","4","11","https://open.spotify.com/track/6gajlVwJH5YICRn8BMCVnn","https://p.scdn.co/mp3-preview/b33d8a60e1b4f1524e3f7590f4f535f9249c3b68?cid=2cd620d784d247ac9def2fbe55de1ad1","https://api.spotify.com/v1/tracks/6gajlVwJH5YICRn8BMCVnn"
"5qduXXMRCf4ud2c9Iy5UF9","2bZlVti3G35TXHANYliIUF","JPM200500385","破壊の傷痕","0","243493","4","12","https://open.spotify.com/track/5qduXXMRCf4ud2c9Iy5UF9","https://p.scdn.co/mp3-preview/6bad1cce99eadaca590f2386d99294e3f63700c4?cid=2cd620d784d247ac9def2fbe55de1ad1","https://api.spotify.com/v1/tracks/5qduXXMRCf4ud2c9Iy5UF9"
"2MNslQqbpJJ96iuOiKqQgB","2bZlVti3G35TXHANYliIUF","JPM200500386","禊ぎの泉","0","118253","4","13","https://open.spotify.com/track/2MNslQqbpJJ96iuOiKqQgB","https://p.scdn.co/mp3-preview/d2629bc157aa58b7a6d3a1e375be29b292d35c65?cid=2cd620d784d247ac9def2fbe55de1ad1","https://api.spotify.com/v1/tracks/2MNslQqbpJJ96iuOiKqQgB"
"7Dd04YD1xm3XDdFWJy0Owr","2bZlVti3G35TXHANYliIUF","JPM200500387","始祖の大地","0","114866","4","14","https://open.spotify.com/track/7Dd04YD1xm3XDdFWJy0Owr","https://p.scdn.co/mp3-preview/1386bc4d46feadc25b5ad11f14d432bd38aae589?cid=2cd620d784d247ac9def2fbe55de1ad1","https://api.spotify.com/v1/tracks/7Dd04YD1xm3XDdFWJy0Owr"
"0MS2nmmGm0FKfLaDHGwYwI","2bZlVti3G35TXHANYliIUF","JPM200500388","雪と氷に閉ざされた遺跡","0","105640","4","15","https://open.spotify.com/track/0MS2nmmGm0FKfLaDHGwYwI","https://p.scdn.co/mp3-preview/02325975b8b2325419224388407e30c6b5252b57?cid=2cd620d784d247ac9def2fbe55de1ad1","https://api.spotify.com/v1/tracks/0MS2nmmGm0FKfLaDHGwYwI"
"1UXYxYQqXvG6s8bWaHs1oj","2bZlVti3G35TXHANYliIUF","JPM200500389","発動","0","140680","4","16","https://open.spotify.com/track/1UXYxYQqXvG6s8bWaHs1oj","https://p.scdn.co/mp3-preview/1a442c8c019139516db35ff3340e8323b8b9cd84?cid=2cd620d784d247ac9def2fbe55de1ad1","https://api.spotify.com/v1/tracks/1UXYxYQqXvG6s8bWaHs1oj"
"3xIpTD3F5H1l4eW66GNM4Q","2bZlVti3G35TXHANYliIUF","JPM200500390","最終決着","0","238533","4","17","https://open.spotify.com/track/3xIpTD3F5H1l4eW66GNM4Q","https://p.scdn.co/mp3-preview/8c4a737b010ddfb6a49f9728466ac1901586e26b?cid=2cd620d784d247ac9def2fbe55de1ad1","https://api.spotify.com/v1/tracks/3xIpTD3F5H1l4eW66GNM4Q"
"7CM5y44hLPNpWk4IociBZT","2bZlVti3G35TXHANYliIUF","JPM200500391","一人旅","0","164253","4","18","https://open.spotify.com/track/7CM5y44hLPNpWk4IociBZT","https://p.scdn.co/mp3-preview/c37351b2b2271dd35da7f15f8dafcabbfd85ec98?cid=2cd620d784d247ac9def2fbe55de1ad1","https://api.spotify.com/v1/tracks/7CM5y44hLPNpWk4IociBZT"
"5jeTf745O0mZJZkyjbAQrW","2bZlVti3G35TXHANYliIUF","JPM200500392","この道をゆく","0","283306","4","19","https://open.spotify.com/track/5jeTf745O0mZJZkyjbAQrW","https://p.scdn.co/mp3-preview/0efcb98dc10010c13084cda03c7a85ba612bece5?cid=2cd620d784d247ac9def2fbe55de1ad1","https://api.spotify.com/v1/tracks/5jeTf745O0mZJZkyjbAQrW"
"4A4JbwdQ21CXcSW53FOEkb","2bZlVti3G35TXHANYliIUF","JPM200500393","新たな旅立ち","0","36026","4","20","https://open.spotify.com/track/4A4JbwdQ21CXcSW53FOEkb","https://p.scdn.co/mp3-preview/40f38559b380917c28747417649e9cc5282aef8f?cid=2cd620d784d247ac9def2fbe55de1ad1","https://api.spotify.com/v1/tracks/4A4JbwdQ21CXcSW53FOEkb"
"4vbt0dO8aDmlIkSeKfmjuh","2bZlVti3G35TXHANYliIUF","JPM200500394","大団円","0","184466","4","21","https://open.spotify.com/track/4vbt0dO8aDmlIkSeKfmjuh","https://p.scdn.co/mp3-preview/50b035175210e2eeea666764220f782e85beb0a5?cid=2cd620d784d247ac9def2fbe55de1ad1","https://api.spotify.com/v1/tracks/4vbt0dO8aDmlIkSeKfmjuh"
"1xU5IE3PaHiX9hYY6XpMrl","2bZlVti3G35TXHANYliIUF","JPM200500395","108の星々がつむぐ物語の果てに","0","233520","4","22","https://open.spotify.com/track/1xU5IE3PaHiX9hYY6XpMrl","https://p.scdn.co/mp3-preview/87d238cb1574f0ebdf181819e46cc28307d63f9c?cid=2cd620d784d247ac9def2fbe55de1ad1","https://api.spotify.com/v1/tracks/1xU5IE3PaHiX9hYY6XpMrl"
"3gmRsq0Pr4plEOPUMy3oIM","2bZlVti3G35TXHANYliIUF","JPM200500396","108人の未来","0","345680","4","23","https://open.spotify.com/track/3gmRsq0Pr4plEOPUMy3oIM","https://p.scdn.co/mp3-preview/e0bf2b90466be2307defd98c25e47fbd74a6144d?cid=2cd620d784d247ac9def2fbe55de1ad1","https://api.spotify.com/v1/tracks/3gmRsq0Pr4plEOPUMy3oIM"
"1fyMDnkWpa10dGGOOf2fp4","2bZlVti3G35TXHANYliIUF","JPM200500397","幻想の世界へ","0","228760","4","24","https://open.spotify.com/track/1fyMDnkWpa10dGGOOf2fp4","https://p.scdn.co/mp3-preview/ab20beab4607c90be1563eb767b8642d62309717?cid=2cd620d784d247ac9def2fbe55de1ad1","https://api.spotify.com/v1/tracks/1fyMDnkWpa10dGGOOf2fp4"
"06qcTk6gnUxCjZ547xWRw2","2bZlVti3G35TXHANYliIUF","JPM200500398","やすらぎの日々へ","0","337120","4","25","https://open.spotify.com/track/06qcTk6gnUxCjZ547xWRw2","https://p.scdn.co/mp3-preview/dae88c44625c24c2a3fef67d74bcd11f7dd25b1e?cid=2cd620d784d247ac9def2fbe55de1ad1","https://api.spotify.com/v1/tracks/06qcTk6gnUxCjZ547xWRw2"
